date,FX_RESERVES,REPO_RATE,FED_RATE,CARRYING_COST_RATE,MONTHLY_COST,CUMULATIVE_COST
2001-04-01,39821.0000,8.7500,4.6700,0.0408,135.3914,135.3914
2001-05-01,40171.0000,8.7500,4.2400,0.0451,150.9760,286.3674
2001-06-01,40652.0000,8.5000,3.9500,0.0455,154.1388,440.5062
2001-07-01,40950.0000,8.5000,3.8200,0.0468,159.7050,600.2112
2001-08-01,42537.0000,8.5000,3.6600,0.0484,171.5659,771.7771
2001-09-01,41948.0000,8.5000,2.7500,0.0575,201.0008,972.7780
2001-10-01,42309.0000,8.5000,2.6600,0.0584,205.9038,1178.6818
2001-11-01,44024.0000,8.5000,2.0600,0.0644,236.2621,1414.9439
2001-12-01,45251.0000,8.5000,1.5200,0.0698,263.2100,1678.1539
2002-01-01,46561.0000,8.5000,1.8500,0.0665,258.0255,1936.1794
2002-02-01,47714.0000,8.5000,1.8300,0.0667,265.2103,2201.3898
2002-03-01,51049.0000,8.0000,1.7400,0.0626,266.3056,2467.6954
2002-04-01,52107.0000,8.0000,1.8200,0.0618,268.3510,2736.0464
2002-05-01,52890.0000,8.0000,1.7900,0.0621,273.7058,3009.7522
2002-06-01,54703.0000,8.0000,1.7300,0.0627,285.8232,3295.5753
2002-07-01,56704.0000,8.0000,1.7600,0.0624,294.8608,3590.4361
2002-08-01,58273.0000,8.0000,1.8100,0.0619,300.5916,3891.0277
2002-09-01,59663.0000,8.0000,1.8500,0.0615,305.7729,4196.8006
2002-10-01,61225.0000,8.0000,1.8200,0.0618,315.3087,4512.1093
2002-11-01,63621.0000,7.5000,1.2300,0.0627,332.4197,4844.5291
2002-12-01,66994.0000,7.5000,1.1600,0.0634,353.9516,5198.4807
2003-01-01,69888.0000,7.5000,1.3300,0.0617,359.3408,5557.8215
2003-02-01,69148.0000,7.5000,1.3300,0.0617,355.5360,5913.3574
2003-03-01,71890.0000,7.0000,1.3800,0.0562,336.6848,6250.0423
2003-04-01,74253.0000,7.0000,1.3100,0.0569,352.0830,6602.1253
2003-05-01,77932.0000,7.0000,1.2800,0.0572,371.4759,6973.6011
2003-06-01,78546.0000,7.0000,1.4500,0.0555,363.2752,7336.8764
2003-07-01,80949.0000,7.0000,1.0400,0.0596,402.0467,7738.9231
2003-08-01,82624.0000,7.0000,1.0100,0.0599,412.4315,8151.3545
2003-09-01,87213.0000,7.0000,1.1700,0.0583,423.7098,8575.0644
2003-10-01,88674.0000,7.0000,1.0300,0.0597,441.1531,9016.2175
2003-11-01,92148.0000,7.0000,1.0100,0.0599,459.9721,9476.1896
2003-12-01,97617.0000,7.0000,0.9400,0.0606,492.9659,9969.1555
2004-01-01,100780.0000,7.0000,1.0300,0.0597,501.3805,10470.5360
2004-02-01,104069.0000,7.0000,1.0400,0.0596,516.8760,10987.4120
2004-03-01,107448.0000,6.0000,1.0500,0.0495,443.2230,11430.6350
2004-04-01,113011.0000,6.0000,1.0300,0.0497,468.0539,11898.6889
2004-05-01,114102.0000,6.0000,1.0200,0.0498,473.5233,12372.2122
2004-06-01,114151.0000,6.0000,1.3800,0.0462,439.4813,12811.6935
2004-07-01,112967.0000,6.0000,1.2900,0.0471,443.3955,13255.0890
2004-08-01,112717.0000,6.0000,1.5500,0.0445,417.9922,13673.0812
2004-09-01,114083.0000,6.0000,1.9400,0.0406,385.9808,14059.0620
2004-10-01,115651.0000,6.0000,1.7900,0.0421,405.7423,14464.8043
2004-11-01,122319.0000,6.0000,2.0200,0.0398,405.6914,14870.4957
2004-12-01,125164.0000,6.0000,1.9700,0.0403,420.3424,15290.8381
2005-01-01,123654.0000,6.0000,2.5000,0.0350,360.6575,15651.4956
2005-02-01,130093.0000,6.0000,2.5200,0.0348,377.2697,16028.7653
2005-03-01,135571.0000,6.0000,2.9600,0.0304,343.4465,16372.2118
2005-04-01,135950.0000,6.0000,2.9700,0.0303,343.2738,16715.4856
2005-05-01,132925.0000,6.0000,3.0900,0.0291,322.3431,17037.8287
2005-06-01,132352.0000,6.0000,3.3500,0.0265,292.2773,17330.1060
2005-07-01,134587.0000,6.0000,3.3100,0.0269,301.6992,17631.8052
2005-08-01,138107.0000,6.0000,3.6300,0.0237,272.7613,17904.5665
2005-09-01,136920.0000,6.0000,3.9300,0.0207,236.1870,18140.7535
2005-10-01,137286.0000,6.2500,4.0200,0.0223,255.1232,18395.8767
2005-11-01,136582.0000,6.2500,4.0300,0.0222,252.6767,18648.5534
2005-12-01,131018.0000,6.2500,4.0900,0.0216,235.8324,18884.3858
2006-01-01,133770.0000,6.5000,4.4700,0.0203,226.2943,19110.6800
2006-02-01,135897.0000,6.5000,4.5200,0.0198,224.2301,19334.9101
2006-03-01,145108.0000,6.5000,5.0000,0.0150,181.3850,19516.2951
2006-04-01,153598.0000,6.5000,4.8600,0.0164,209.9173,19726.2124
2006-05-01,156073.0000,6.5000,5.0500,0.0145,188.5882,19914.8006
2006-06-01,155968.0000,6.7500,5.0500,0.0170,220.9547,20135.7552
2006-07-01,157247.0000,7.0000,5.3100,0.0169,221.4562,20357.2114
2006-08-01,158938.0000,7.0000,5.3100,0.0169,223.8377,20581.0491
2006-09-01,158340.0000,7.0000,5.3400,0.0166,219.0370,20800.0861
2006-10-01,160669.0000,7.2500,5.3100,0.0194,259.7482,21059.8343
2006-11-01,167598.0000,7.2500,5.3100,0.0194,270.9501,21330.7844
2006-12-01,170187.0000,7.2500,5.1700,0.0208,294.9908,21625.7752
2007-01-01,173081.0000,7.5000,5.3300,0.0217,312.9881,21938.7634
2007-02-01,187211.0000,7.5000,5.4100,0.0209,326.0592,22264.8225
2007-03-01,191924.0000,7.7500,5.3000,0.0245,391.8448,22656.6674
2007-04-01,196899.0000,7.7500,5.2900,0.0246,403.6429,23060.3103
2007-05-01,200697.0000,7.7500,5.2800,0.0247,413.1013,23473.4116
2007-06-01,206114.0000,7.7500,5.3100,0.0244,419.0985,23892.5101
2007-07-01,219753.0000,7.7500,5.2800,0.0247,452.3249,24344.8350
2007-08-01,221509.0000,7.7500,4.9600,0.0279,515.0084,24859.8435
2007-09-01,239955.0000,7.7500,4.5800,0.0317,633.8811,25493.7246
2007-10-01,256427.0000,7.7500,4.6000,0.0315,673.1209,26166.8455
2007-11-01,264725.0000,7.7500,4.6600,0.0309,681.6669,26848.5123
2007-12-01,266553.0000,7.7500,3.0600,0.0469,1041.7780,27890.2903
2008-01-01,283595.0000,7.7500,3.2200,0.0453,1070.5711,28960.8614
2008-02-01,291250.0000,7.7500,3.0100,0.0474,1150.4375,30111.2989
2008-03-01,299230.0000,7.7500,2.5100,0.0524,1306.6377,31417.9366
2008-04-01,304225.0000,7.7500,2.3700,0.0538,1363.9421,32781.8787
2008-05-01,304875.0000,7.7500,1.9800,0.0577,1465.9406,34247.8193
2008-06-01,302340.0000,8.5000,2.4700,0.0603,1519.2585,35767.0778
2008-07-01,295918.0000,9.0000,2.0900,0.0691,1703.9945,37471.0723
2008-08-01,286117.0000,9.0000,1.9400,0.0706,1683.3217,39154.3940
2008-09-01,277300.0000,9.0000,2.0300,0.0697,1610.6508,40765.0448
2008-10-01,244045.0000,8.0000,0.2200,0.0778,1582.2251,42347.2699
2008-11-01,238968.0000,7.5000,0.5200,0.0698,1389.9972,43737.2671
2008-12-01,246603.0000,6.5000,0.1400,0.0636,1306.9959,45044.2630
2009-01-01,238894.0000,5.5000,0.2300,0.0527,1049.1428,46093.4058
2009-02-01,238715.0000,5.5000,0.2200,0.0528,1050.3460,47143.7518
2009-03-01,241426.0000,5.0000,0.1600,0.0484,973.7515,48117.5033
2009-04-01,241487.0000,4.7500,0.2000,0.0455,915.6382,49033.1415
2009-05-01,251456.0000,4.7500,0.1900,0.0456,955.5328,49988.6743
2009-06-01,254093.0000,4.7500,0.2200,0.0453,959.2011,50947.8754
2009-07-01,260631.0000,4.7500,0.1800,0.0457,992.5697,51940.4451
2009-08-01,261247.0000,4.7500,0.1500,0.0460,1001.4468,52941.8920
2009-09-01,264373.0000,4.7500,0.0700,0.0468,1031.0547,53972.9467
2009-10-01,266768.0000,4.7500,0.1100,0.0464,1031.5029,55004.4496
2009-11-01,263191.0000,4.7500,0.1300,0.0462,1013.2853,56017.7350
2009-12-01,258583.0000,4.7500,0.0500,0.0470,1012.7834,57030.5184
2010-01-01,256362.0000,4.7500,0.1200,0.0463,989.1301,58019.6484
2010-02-01,253991.0000,4.7500,0.1300,0.0462,977.8653,58997.5138
2010-03-01,254685.0000,5.0000,0.0900,0.0491,1042.0861,60039.5999
2010-04-01,254773.0000,5.2500,0.2000,0.0505,1072.1697,61111.7696
2010-05-01,247951.0000,5.2500,0.1900,0.0506,1045.5267,62157.2963
2010-06-01,249628.0000,5.2500,0.0900,0.0516,1073.4004,63230.6967
2010-07-01,258551.0000,5.7500,0.1800,0.0557,1200.1076,64430.8043
2010-08-01,256227.0000,5.7500,0.2100,0.0554,1182.9146,65613.7189
2010-09-01,265231.0000,6.0000,0.1500,0.0585,1293.0011,66906.7201
2010-10-01,269093.0000,6.0000,0.2000,0.0580,1300.6162,68207.3362
2010-11-01,263281.0000,6.2500,0.2000,0.0605,1327.3750,69534.7113
2010-12-01,267814.0000,6.2500,0.1300,0.0612,1365.8514,70900.5627
2011-01-01,269893.0000,6.5000,0.1700,0.0633,1423.6856,72324.2482
2011-02-01,271988.0000,6.5000,0.1600,0.0634,1437.0033,73761.2515
2011-03-01,274330.0000,6.7500,0.1000,0.0665,1520.2454,75281.4969
2011-04-01,282037.0000,6.7500,0.0900,0.0666,1565.3054,76846.8023
2011-05-01,279537.0000,7.2500,0.1000,0.0715,1665.5746,78512.3769
2011-06-01,283458.0000,7.5000,0.0700,0.0743,1755.0774,80267.4543
2011-07-01,286160.0000,8.0000,0.1100,0.0789,1881.5020,82148.9563
2011-08-01,286034.0000,8.0000,0.0800,0.0792,1887.8244,84036.7807
2011-09-01,275699.0000,8.2500,0.0600,0.0819,1881.6457,85918.4264
2011-10-01,282087.0000,8.5000,0.0900,0.0841,1976.9597,87895.3861
2011-11-01,272771.0000,8.5000,0.1000,0.0840,1909.3970,89804.7831
2011-12-01,262933.0000,8.5000,0.0400,0.0846,1853.6777,91658.4608
2012-01-01,258830.0000,8.5000,0.1100,0.0839,1809.6531,93468.1139
2012-02-01,260374.0000,8.5000,0.1000,0.0840,1822.6180,95290.7319
2012-03-01,260069.0000,8.5000,0.0900,0.0841,1822.6502,97113.3821
2012-04-01,260839.0000,8.0000,0.1600,0.0784,1704.1481,98817.5303
2012-05-01,253237.0000,8.0000,0.1600,0.0784,1654.4817,100472.0120
2012-06-01,256703.0000,8.0000,0.0900,0.0791,1692.1006,102164.1126
2012-07-01,256573.0000,8.0000,0.1300,0.0787,1682.6913,103846.8039
2012-08-01,257620.0000,8.0000,0.1300,0.0787,1689.5578,105536.3617
2012-09-01,259958.0000,8.0000,0.0900,0.0791,1713.5565,107249.9182
2012-10-01,260351.0000,8.0000,0.1800,0.0782,1696.6207,108946.5389
2012-11-01,260013.0000,8.0000,0.1600,0.0784,1698.7516,110645.2905
2012-12-01,261656.0000,8.0000,0.0900,0.0791,1724.7491,112370.0396
2013-01-01,261689.0000,7.7500,0.1500,0.0760,1657.3637,114027.4033
2013-02-01,257913.0000,7.7500,0.1400,0.0761,1635.5983,115663.0015
2013-03-01,259725.3000,7.5000,0.0900,0.0741,1603.8037,117266.8053
2013-04-01,263321.9000,7.5000,0.1400,0.0736,1615.0410,118881.8462
2013-05-01,258509.4000,7.2500,0.0900,0.0716,1542.4394,120424.2857
2013-06-01,254366.6000,7.2500,0.0700,0.0718,1521.9602,121946.2458
2013-07-01,250276.2000,7.2500,0.0900,0.0716,1493.3147,123439.5605
2013-08-01,247402.2000,7.2500,0.0700,0.0718,1480.2898,124919.8503
2013-09-01,248846.6000,7.5000,0.0600,0.0744,1542.8489,126462.6992
2013-10-01,253795.8000,7.7500,0.0700,0.0768,1624.2931,128086.9924
2013-11-01,263735.9000,7.7500,0.0700,0.0768,1687.9098,129774.9021
2013-12-01,267702.7000,7.7500,0.0700,0.0768,1713.2973,131488.1994
2014-01-01,264569.3000,8.0000,0.0700,0.0793,1748.3621,133236.5615
2014-02-01,266902.0000,8.0000,0.0600,0.0794,1766.0016,135002.5631
2014-03-01,276359.3000,8.0000,0.0600,0.0794,1828.5774,136831.1405
2014-04-01,283706.9000,8.0000,0.0900,0.0791,1870.1013,138701.2418
2014-05-01,285291.6000,8.0000,0.0800,0.0792,1882.9246,140584.1663
2014-06-01,289320.2000,8.0000,0.0900,0.0791,1907.1023,142491.2686
2014-07-01,292509.7000,8.0000,0.0800,0.0792,1930.5640,144421.8327
2014-08-01,291393.2000,8.0000,0.0700,0.0793,1925.6234,146347.4561
2014-09-01,288005.2000,8.0000,0.0700,0.0793,1903.2344,148250.6904
2014-10-01,290365.8000,8.0000,0.0700,0.0793,1918.8340,150169.5244
2014-11-01,290822.1000,8.0000,0.0800,0.0792,1919.4259,152088.9503
2014-12-01,295946.9000,8.0000,0.0600,0.0794,1958.1820,154047.1323
2015-01-01,303325.0000,7.7500,0.0600,0.0769,1943.8077,155990.9400
2015-02-01,312200.1000,7.7500,0.0600,0.0769,2000.6823,157991.6223
2015-03-01,317323.5000,7.5000,0.0600,0.0744,1967.4057,159959.0280
2015-04-01,327153.2000,7.5000,0.0800,0.0742,2022.8973,161981.9253
2015-05-01,327819.7000,7.5000,0.0800,0.0742,2027.0185,164008.9438
2015-06-01,331547.0000,7.2500,0.0800,0.0717,1980.9933,165989.9371
2015-07-01,329875.3000,7.2500,0.0800,0.0717,1971.0049,167960.9420
2015-08-01,328055.4000,7.2500,0.0800,0.0717,1960.1310,169921.0730
2015-09-01,326767.0000,6.7500,0.0700,0.0668,1819.0030,171740.0760
2015-10-01,330141.2000,6.7500,0.0700,0.0668,1837.7860,173577.8620
2015-11-01,327454.0000,6.7500,0.0800,0.0667,1820.0985,175397.9605
2015-12-01,327840.1000,6.7500,0.2000,0.0655,1789.4605,177187.4210
2016-01-01,326631.1000,6.7500,0.2900,0.0646,1758.3641,178945.7851
2016-02-01,325049.4000,6.7500,0.2900,0.0646,1749.8493,180695.6344
2016-03-01,336103.9000,6.7500,0.2500,0.0650,1820.5628,182516.1972
2016-04-01,339024.5000,6.5000,0.3000,0.0620,1751.6266,184267.8238
2016-05-01,337360.6000,6.5000,0.2900,0.0621,1745.8411,186013.6649
2016-06-01,339042.3000,6.5000,0.3000,0.0620,1751.7185,187765.3834
2016-07-01,341043.7000,6.5000,0.3000,0.0620,1762.0591,189527.4425
2016-08-01,341279.1000,6.5000,0.3000,0.0620,1763.2753,191290.7179
2016-09-01,346710.9000,6.5000,0.2900,0.0621,1794.2289,193084.9468
2016-10-01,341944.6000,6.2500,0.3100,0.0594,1692.6258,194777.5726
2016-11-01,337381.6000,6.2500,0.3100,0.0594,1670.0389,196447.6115
2016-12-01,336582.5000,6.2500,0.5500,0.0570,1598.7669,198046.3783
2017-01-01,339932.4000,6.2500,0.5600,0.0569,1611.8461,199658.2245
2017-02-01,340586.1000,6.2500,0.5700,0.0568,1612.1075,201270.3320
2017-03-01,346318.5000,6.2500,0.8200,0.0543,1567.0912,202837.4232
2017-04-01,349055.8000,6.2500,0.8300,0.0542,1576.5687,204413.9919
2017-05-01,356220.2000,6.2500,0.8300,0.0542,1608.9279,206022.9198
2017-06-01,362388.8000,6.2500,1.0600,0.0519,1567.3316,207590.2514
2017-07-01,369946.1000,6.2500,1.0700,0.0518,1596.9340,209187.1854
2017-08-01,373351.5000,6.0000,1.0700,0.0493,1533.8524,210721.0378
2017-09-01,375186.4000,6.0000,1.0600,0.0494,1544.5173,212265.5551
2017-10-01,374802.1000,6.0000,1.0700,0.0493,1539.8120,213805.3671
2017-11-01,377456.1000,6.0000,1.0700,0.0493,1550.7155,215356.0826
2017-12-01,385103.9000,6.0000,1.3300,0.0467,1498.6960,216854.7786
2018-01-01,397222.3000,6.0000,1.3400,0.0466,1542.5466,218397.3252
2018-02-01,395841.5000,6.0000,1.3500,0.0465,1533.8858,219931.2110
2018-03-01,399442.0000,6.0000,1.6700,0.0433,1441.3199,221372.5309
2018-04-01,395276.8000,6.0000,1.6900,0.0431,1419.7025,222792.2334
2018-05-01,387661.0000,6.0000,1.7000,0.0430,1389.1186,224181.3520
2018-06-01,380767.6000,6.2500,1.9100,0.0434,1377.1095,225558.4615
2018-07-01,379174.5000,6.2500,1.9100,0.0434,1371.3478,226929.8092
2018-08-01,375986.5000,6.5000,1.9100,0.0459,1438.1484,228367.9576
2018-09-01,376243.0000,6.5000,2.1800,0.0432,1354.4748,229722.4324
2018-10-01,367189.0000,6.5000,2.2000,0.0430,1315.7606,231038.1930
2018-11-01,368487.6000,6.5000,2.2000,0.0430,1320.4139,232358.6069
2018-12-01,369798.5000,6.5000,2.4000,0.0410,1263.4782,233622.0851
2019-01-01,373372.1000,6.5000,2.4000,0.0410,1275.6880,234897.7731
2019-02-01,374635.1000,6.2500,2.4000,0.0385,1201.9543,236099.7274
2019-03-01,385356.8600,6.2500,2.4300,0.0382,1226.7193,237326.4467
2019-04-01,390966.3000,6.0000,2.4500,0.0355,1156.6086,238483.0554
2019-05-01,394134.7000,6.0000,2.4000,0.0360,1182.4041,239665.4595
2019-06-01,400714.6000,5.7500,2.4000,0.0335,1118.6616,240784.1210
2019-07-01,398238.6400,5.7500,2.4000,0.0335,1111.7495,241895.8706
2019-08-01,395962.0800,5.4000,2.1300,0.0327,1078.9967,242974.8673
2019-09-01,402026.1800,5.4000,1.9000,0.0350,1172.5764,244147.4436
2019-10-01,413014.8300,5.1500,1.5800,0.0357,1228.7191,245376.1627
2019-11-01,419445.2000,5.1500,1.5600,0.0359,1254.8402,246631.0030
2019-12-01,426879.6000,5.1500,1.5500,0.0360,1280.6388,247911.6418
2020-01-01,437248.0200,5.1500,1.5900,0.0356,1297.1691,249208.8109
2020-02-01,446318.2900,5.1500,1.5800,0.0357,1327.7969,250536.6078
2020-03-01,442212.7200,4.4000,0.0800,0.0432,1591.9658,252128.5736
2020-04-01,443315.6900,4.4000,0.0500,0.0435,1607.0194,253735.5930
2020-05-01,455065.4300,4.0000,0.0500,0.0395,1497.9237,255233.5167
2020-06-01,465832.9900,4.0000,0.0800,0.0392,1521.7211,256755.2378
2020-07-01,490828.8000,4.0000,0.1000,0.0390,1595.1936,258350.4314
2020-08-01,498887.4300,4.0000,0.0900,0.0391,1625.5415,259975.9729
2020-09-01,502162.0800,4.0000,0.0900,0.0391,1636.2114,261612.1844
2020-10-01,517586.3100,4.0000,0.0900,0.0391,1686.4687,263298.6531
2020-11-01,533454.7200,4.0000,0.0900,0.0391,1738.1733,265036.8264
2020-12-01,542157.1600,4.0000,0.0900,0.0391,1766.5287,266803.3551
2021-01-01,547153.8800,4.0000,0.0700,0.0393,1791.9290,268595.2841
2021-02-01,542614.9800,4.0000,0.0700,0.0393,1777.0641,270372.3481
2021-03-01,536693.3900,4.0000,0.0600,0.0394,1762.1433,272134.4914
2021-04-01,546059.3900,4.0000,0.0500,0.0395,1797.4455,273931.9369
2021-05-01,554069.3000,4.0000,0.0500,0.0395,1823.8114,275755.7484
2021-06-01,568665.4300,4.0000,0.0800,0.0392,1857.6404,277613.3888
2021-07-01,575781.3800,4.0000,0.0700,0.0393,1885.6840,279499.0728
2021-08-01,578411.5300,4.0000,0.0600,0.0394,1899.1179,281398.1907
2021-09-01,573599.4800,4.0000,0.0600,0.0394,1883.3183,283281.5090
2021-10-01,577553.6800,4.0000,0.0700,0.0393,1891.4883,285172.9973
2021-11-01,574939.0900,4.0000,0.0700,0.0393,1882.9255,287055.9228
2021-12-01,569889.0400,4.0000,0.0700,0.0393,1866.3866,288922.3094
2022-01-01,566689.2900,4.0000,0.0800,0.0392,1851.1850,290773.4944
2022-02-01,566295.3100,4.0000,0.0800,0.0392,1849.8980,292623.3924
2022-03-01,540723.6400,4.0000,0.3300,0.0367,1653.7131,294277.1055
2022-04-01,531206.2600,4.0000,0.3300,0.0367,1624.6058,295901.7113
2022-05-01,538690.7300,4.4000,0.8300,0.0357,1602.6049,297504.3163
2022-06-01,525555.5600,4.9000,1.5800,0.0332,1454.0370,298958.3533
2022-07-01,511545.1300,4.9000,2.3200,0.0258,1099.8220,300058.1753
2022-08-01,498086.7600,5.4000,2.3300,0.0307,1274.2720,301332.4473
2022-09-01,472806.6200,5.9000,3.0800,0.0282,1111.0956,302443.5429
2022-10-01,474130.6800,5.9000,3.0800,0.0282,1114.2071,303557.7500
2022-11-01,490281.6700,5.9000,3.8300,0.0207,845.7359,304403.4858
2022-12-01,498022.3000,6.2500,4.3300,0.0192,796.8357,305200.3215
2023-01-01,506885.7800,6.2500,4.3300,0.0192,811.0172,306011.3388
2023-02-01,497862.9000,6.5000,4.5700,0.0193,800.7295,306812.0683
2023-03-01,509691.3000,6.5000,4.8300,0.0167,709.3204,307521.3887
2023-04-01,520929.5200,6.5000,4.8300,0.0167,724.9602,308246.3489
2023-05-01,522422.3800,6.5000,5.0800,0.0142,618.1998,308864.5487
2023-06-01,527978.5900,6.5000,5.0800,0.0142,624.7747,309489.3234
2023-07-01,537152.4000,6.5000,5.3300,0.0117,523.7236,310013.0470
2023-08-01,529911.0200,6.5000,5.3300,0.0117,516.6632,310529.7102
2023-09-01,521366.3300,6.5000,5.3300,0.0117,508.3322,311038.0424
2023-10-01,519280.8300,6.5000,5.3300,0.0117,506.2988,311544.3412
2023-11-01,533424.2700,6.5000,5.3300,0.0117,520.0887,312064.4299
2023-12-01,551239.3700,6.5000,5.3300,0.0117,537.4584,312601.8883
2024-01-01,548938.8900,6.5000,5.3300,0.0117,535.2154,313137.1037
2024-02-01,554151.9900,6.5000,5.3300,0.0117,540.2982,313677.4019
2024-03-01,570950.1900,6.5000,5.3300,0.0117,556.6764,314234.0783
2024-04-01,561777.7100,6.5000,5.3300,0.0117,547.7333,314781.8116
2024-05-01,572563.9100,6.5000,5.3300,0.0117,558.2498,315340.0614
2024-06-01,572881.2400,6.5000,5.3300,0.0117,558.5592,315898.6206
2024-07-01,589315.6800,6.5000,5.3300,0.0117,574.5828,316473.2034
2024-08-01,597414.9300,6.5000,5.3300,0.0117,582.4796,317055.6829
2024-09-01,617074.9900,6.5000,4.8300,0.0167,858.7627,317914.4456
2024-10-01,589849.3300,6.5000,4.8300,0.0167,820.8737,318735.3193
2024-11-01,569960.0600,6.5000,4.5800,0.0192,911.9361,319647.2554
2024-12-01,547454.0700,6.5000,4.3300,0.0217,989.9794,320637.2348
2025-01-01,537684.4800,6.5000,4.3300,0.0217,972.3128,321609.5476
2025-02-01,543349.5700,6.2500,4.3300,0.0192,869.3593,322478.9069
2025-03-01,567557.4400,6.2500,4.3300,0.0192,908.0919,323386.9988
2025-04-01,581194.9700,6.0000,4.3300,0.0167,808.8297,324195.8285
2025-05-01,584898.9700,6.0000,4.3300,0.0167,813.9844,325009.8129
2025-06-01,591354.3600,5.5000,4.3300,0.0117,576.5705,325586.3834
2025-07-01,582610.6500,5.5000,4.3300,0.0117,568.0454,326154.4288
2025-08-01,584530.3700,5.5000,4.3300,0.0117,569.9171,326724.3459
2025-09-01,579180.6200,5.5000,4.0900,0.0141,680.5372,327404.8831
2025-10-01,564591.0500,5.5000,3.8600,0.0164,771.6078,328176.4909
2025-11-01,557788.7800,5.5000,3.8900,0.0161,748.3666,328924.8575
2025-12-01,552896.5800,5.2500,3.6400,0.0161,741.8029,329666.6604
2026-01-01,560944.8800,5.2500,3.6400,0.0161,752.6010,330419.2614
2026-02-01,573125.0200,5.2500,3.6400,0.0161,768.9427,331188.2042
2026-03-01,552282.7000,5.2500,3.6400,0.0161,740.9793,331929.1835
2026-04-01,551824.6500,5.2500,3.6400,0.0161,740.3647,332669.5482
2026-05-01,546922.6200,5.2500,3.6200,0.0163,742.9032,333412.4514
2026-06-01,542619.0000,5.2500,3.6300,0.0162,732.5357,334144.9871
