Hypothesis,Lag,F_statistic,p_value,Conclusion
Oil Returns -> NEER Returns,3,0.0860,0.9677,No causality
Oil Returns -> USD/INR Returns,3,0.1374,0.9376,No causality
EPU Changes -> NEER Returns,3,0.9222,0.4304,No causality
EPU Changes -> USD/INR Returns,3,1.1714,0.3209,No causality
CPI Changes -> NEER Returns,3,1.4078,0.2406,No causality
Int. Diff Changes -> NEER Returns,3,0.8714,0.4563,No causality
Reserve Changes -> USD/INR Returns,3,3.2938,0.0210,Granger-causes
USD/INR Returns -> Reserve Changes,3,1.2490,0.2922,No causality
Oil Returns -> CPI Changes,3,0.9233,0.4299,No causality
Oil Returns -> Int. Diff Changes,3,5.7343,0.0008,Granger-causes
