Variable,Column,ADF_Level_pvalue,ADF_Level_regression,KPSS_Level_pvalue,ADF_Diff_pvalue,ADF_Diff_regression,Integration_Order
Log(NEER),LOG_NEER,0.1753,ct,0.0100,0.0000,c,I(1)
Log(USD/INR),LOG_USDINR,0.3131,ct,0.0100,0.0000,c,I(1)
Log(Oil Price),LOG_OIL,0.2395,ct,0.0100,0.0000,c,I(1)
CPI Inflation (%),CPI_YOY,0.7912,ct,0.0491,0.0000,c,I(1)
Log(EPU),LOG_EPU,0.5587,ct,0.1000,0.0000,c,I(1)
Log(FX Reserves),LOG_RESERVES,0.1099,ct,0.0100,0.0000,c,I(1)
Repo Rate,REPO_RATE,0.0761,ct,0.0100,0.0000,c,I(1)
Fed Funds Rate,FED_RATE,0.2919,ct,0.0882,0.0000,c,I(1)
Interest Differential,INT_DIFF,0.6127,ct,0.0100,0.0000,c,I(1)
IIP Growth (%),IIP_YOY,0.0017,ct,0.1000,0.0000,c,I(0)
