,Obs,Mean,Std Dev,Min,Q1,Median,Q3,Max,Skewness,Kurtosis
NEER,303,124.1263,26.6023,80.3900,100.6150,112.4000,152.8400,175.4500,0.3453,-1.3810
USDINR,303,60.4369,15.0971,39.3748,46.2777,60.3571,72.7746,95.5963,0.4144,-1.1076
OIL_BRENT,303,69.2911,27.5043,18.6000,48.6000,68.0000,85.6000,133.9000,0.1667,-0.7736
CPI_YOY,303,5.9938,2.7547,0.0400,4.0650,5.3500,7.5850,16.2200,0.9415,0.9289
EPU,303,96.8506,51.5452,23.3500,62.4700,83.0400,122.7950,323.8100,1.4028,2.3871
FX_RESERVES,303,315592.5724,161654.0496,39821.0000,220631.0000,286160.0000,442764.2050,617074.9900,0.1294,-0.9707
REPO_RATE,303,6.5104,1.2650,4.0000,6.0000,6.5000,7.6250,9.0000,-0.2766,-0.5842
FED_RATE,303,1.8389,1.8667,0.0400,0.1100,1.2900,3.6250,5.4100,0.6889,-0.9938
IIP_YOY,243,5.1799,11.1238,-57.3100,2.0500,4.5200,7.3350,133.5200,5.5082,77.2824
INT_DIFF,303,4.6715,2.1291,1.1700,3.0350,4.6200,6.2650,8.4600,-0.0352,-1.0986
D_LOG_NEER,303,-0.0025,0.0143,-0.0590,-0.0101,-0.0015,0.0070,0.0337,-0.5349,1.2779
D_LOG_USDINR,303,0.0023,0.0158,-0.0435,-0.0054,0.0009,0.0086,0.0657,0.7177,2.6561
D_LOG_OIL,303,0.0041,0.0968,-0.5108,-0.0483,0.0147,0.0685,0.3774,-0.8577,3.8358
