,Commodity Price: Nominal: Energy: Crude Oil: Brent
Region,United Kingdom
Subnational,
Frequency,Monthly
Unit,USD/Barrel
Source,World Bank
Status,Active
Series ID,401345117.00
SR Code,SR114108997
Trade Code,
Mnemonic,
Function Description,
First Obs. Date,01/1960
Last Obs. Date,07/2026
Last Update Time,04/08/2026
Series Remarks,UK Brent 38° API.
Suggestions,
Mean,35.26
Variance,1081.47
Standard Deviation,32.89
Skewness,0.99
Kurtosis,-0.01
Coefficient Variation,0.93
Min,1.20
Max,133.90
Median,24.10
Sum,28171.70
Subtract,-132.70
No. of Obs,799.00
01/1960,1.60
02/1960,1.60
03/1960,1.60
04/1960,1.60
05/1960,1.60
06/1960,1.60
07/1960,1.60
08/1960,1.60
09/1960,1.60
10/1960,1.60
11/1960,1.60
12/1960,1.60
01/1961,1.60
02/1961,1.60
03/1961,1.60
04/1961,1.60
05/1961,1.60
06/1961,1.60
07/1961,1.60
08/1961,1.60
09/1961,1.60
10/1961,1.60
11/1961,1.60
12/1961,1.60
01/1962,1.50
02/1962,1.50
03/1962,1.50
04/1962,1.50
05/1962,1.50
06/1962,1.50
07/1962,1.50
08/1962,1.50
09/1962,1.50
10/1962,1.50
11/1962,1.50
12/1962,1.50
01/1963,1.50
02/1963,1.50
03/1963,1.50
04/1963,1.50
05/1963,1.50
06/1963,1.50
07/1963,1.50
08/1963,1.50
09/1963,1.50
10/1963,1.50
11/1963,1.50
12/1963,1.50
01/1964,1.50
02/1964,1.50
03/1964,1.50
04/1964,1.50
05/1964,1.50
06/1964,1.50
07/1964,1.50
08/1964,1.50
09/1964,1.50
10/1964,1.50
11/1964,1.50
12/1964,1.50
01/1965,1.40
02/1965,1.40
03/1965,1.40
04/1965,1.40
05/1965,1.40
06/1965,1.40
07/1965,1.40
08/1965,1.40
09/1965,1.40
10/1965,1.40
11/1965,1.40
12/1965,1.40
01/1966,1.40
02/1966,1.40
03/1966,1.40
04/1966,1.40
05/1966,1.40
06/1966,1.40
07/1966,1.40
08/1966,1.40
09/1966,1.40
10/1966,1.40
11/1966,1.40
12/1966,1.40
01/1967,1.30
02/1967,1.30
03/1967,1.30
04/1967,1.30
05/1967,1.30
06/1967,1.30
07/1967,1.30
08/1967,1.30
09/1967,1.30
10/1967,1.30
11/1967,1.30
12/1967,1.30
01/1968,1.30
02/1968,1.30
03/1968,1.30
04/1968,1.30
05/1968,1.30
06/1968,1.30
07/1968,1.30
08/1968,1.30
09/1968,1.30
10/1968,1.30
11/1968,1.30
12/1968,1.30
01/1969,1.30
02/1969,1.30
03/1969,1.30
04/1969,1.30
05/1969,1.30
06/1969,1.30
07/1969,1.30
08/1969,1.30
09/1969,1.30
10/1969,1.30
11/1969,1.30
12/1969,1.30
01/1970,1.20
02/1970,1.20
03/1970,1.20
04/1970,1.20
05/1970,1.20
06/1970,1.20
07/1970,1.20
08/1970,1.20
09/1970,1.20
10/1970,1.20
11/1970,1.20
12/1970,1.20
01/1971,1.60
02/1971,1.60
03/1971,1.60
04/1971,1.60
05/1971,1.60
06/1971,1.60
07/1971,1.70
08/1971,1.70
09/1971,1.70
10/1971,1.70
11/1971,1.70
12/1971,1.70
01/1972,1.80
02/1972,1.80
03/1972,1.80
04/1972,1.80
05/1972,1.80
06/1972,1.80
07/1972,1.90
08/1972,1.90
09/1972,1.90
10/1972,1.90
11/1972,1.90
12/1972,1.90
01/1973,2.10
02/1973,2.10
03/1973,2.10
04/1973,2.40
05/1973,2.40
06/1973,2.40
07/1973,2.70
08/1973,2.70
09/1973,2.70
10/1973,4.10
11/1973,4.10
12/1973,4.10
01/1974,13.00
02/1974,13.00
03/1974,13.00
04/1974,10.60
05/1974,10.60
06/1974,10.60
07/1974,10.00
08/1974,10.00
09/1974,10.00
10/1974,10.30
11/1974,10.30
12/1974,10.30
01/1975,10.40
02/1975,10.40
03/1975,10.40
04/1975,10.40
05/1975,10.40
06/1975,10.40
07/1975,10.40
08/1975,10.40
09/1975,10.40
10/1975,10.50
11/1975,10.50
12/1975,10.50
01/1976,11.50
02/1976,11.50
03/1976,11.50
04/1976,11.50
05/1976,11.50
06/1976,11.50
07/1976,11.60
08/1976,11.60
09/1976,11.60
10/1976,11.90
11/1976,11.90
12/1976,11.90
01/1977,12.50
02/1977,12.50
03/1977,12.50
04/1977,12.40
05/1977,12.40
06/1977,12.40
07/1977,12.60
08/1977,12.60
09/1977,12.60
10/1977,12.70
11/1977,12.70
12/1977,12.70
01/1978,12.70
02/1978,12.70
03/1978,12.70
04/1978,12.70
05/1978,12.70
06/1978,12.70
07/1978,12.80
08/1978,12.80
09/1978,12.80
10/1978,12.90
11/1978,13.20
12/1978,14.50
01/1979,19.00
02/1979,22.00
03/1979,23.30
04/1979,23.60
05/1979,32.80
06/1979,36.50
07/1979,35.00
08/1979,35.80
09/1979,36.50
10/1979,38.50
11/1979,42.00
12/1979,40.50
01/1980,40.00
02/1980,38.50
03/1980,38.30
04/1980,38.20
05/1980,38.50
06/1980,38.00
07/1980,37.40
08/1980,33.60
09/1980,33.40
10/1980,37.90
11/1980,40.80
12/1980,40.20
01/1981,40.30
02/1981,38.70
03/1981,38.30
04/1981,37.20
05/1981,35.20
06/1981,33.30
07/1981,35.10
08/1981,35.80
09/1981,35.90
10/1981,36.50
11/1981,37.10
12/1981,36.70
01/1982,35.80
02/1982,31.60
03/1982,29.30
04/1982,33.10
05/1982,35.20
06/1982,34.60
07/1982,33.70
08/1982,32.80
09/1982,34.30
10/1982,35.00
11/1982,33.80
12/1982,31.80
01/1983,30.90
02/1983,29.10
03/1983,28.20
04/1983,29.80
05/1983,29.60
06/1983,30.20
07/1983,30.80
08/1983,31.10
09/1983,30.40
10/1983,29.90
11/1983,29.20
12/1983,29.00
01/1984,29.60
02/1984,29.90
03/1984,30.10
04/1984,30.10
05/1984,29.90
06/1984,29.20
07/1984,27.90
08/1984,28.10
09/1984,28.40
10/1984,27.80
11/1984,27.70
12/1984,27.00
01/1985,27.00
02/1985,28.20
03/1985,28.10
04/1985,27.90
05/1985,26.70
06/1985,26.50
07/1985,26.60
08/1985,27.20
09/1985,27.20
10/1985,27.90
11/1985,29.10
12/1985,25.90
01/1986,25.80
02/1986,17.60
03/1986,13.90
04/1986,12.50
05/1986,14.20
06/1986,11.90
07/1986,9.50
08/1986,13.70
09/1986,14.20
10/1986,13.80
11/1986,14.60
12/1986,15.90
01/1987,18.40
02/1987,17.30
03/1987,17.90
04/1987,18.10
05/1987,18.80
06/1987,18.90
07/1987,19.80
08/1987,19.00
09/1987,18.40
10/1987,18.80
11/1987,17.80
12/1987,17.10
01/1988,16.90
02/1988,15.80
03/1988,14.80
04/1988,16.60
05/1988,16.40
06/1988,15.60
07/1988,14.90
08/1988,15.00
09/1988,13.30
10/1988,12.50
11/1988,13.00
12/1988,15.20
01/1989,17.00
02/1989,16.70
03/1989,18.70
04/1989,19.80
05/1989,18.40
06/1989,17.50
07/1989,17.80
08/1989,17.10
09/1989,17.80
10/1989,19.00
11/1989,19.20
12/1989,19.90
01/1990,21.00
02/1990,19.90
03/1990,18.50
04/1990,16.80
05/1990,16.70
06/1990,15.70
07/1990,17.60
08/1990,27.10
09/1990,34.10
10/1990,36.10
11/1990,33.00
12/1990,28.00
01/1991,23.70
02/1991,19.40
03/1991,19.50
04/1991,19.30
05/1991,19.30
06/1991,18.20
07/1991,19.50
08/1991,19.80
09/1991,20.50
10/1991,22.20
11/1991,21.30
12/1991,18.40
01/1992,18.20
02/1992,18.10
03/1992,17.60
04/1992,19.00
05/1992,19.90
06/1992,21.20
07/1992,20.30
08/1992,19.80
09/1992,20.30
10/1992,20.30
11/1992,19.20
12/1992,18.20
01/1993,17.40
02/1993,18.50
03/1993,18.80
04/1993,18.70
05/1993,18.50
06/1993,17.70
07/1993,16.80
08/1993,16.70
09/1993,16.00
10/1993,16.60
11/1993,15.20
12/1993,13.60
01/1994,14.30
02/1994,13.80
03/1994,14.00
04/1994,15.20
05/1994,16.20
06/1994,16.80
07/1994,17.60
08/1994,16.80
09/1994,15.90
10/1994,16.40
11/1994,17.20
12/1994,16.00
01/1995,16.60
02/1995,17.10
03/1995,17.00
04/1995,18.70
05/1995,18.40
06/1995,17.40
07/1995,15.90
08/1995,16.10
09/1995,16.80
10/1995,16.10
11/1995,16.90
12/1995,18.00
01/1996,17.90
02/1996,18.00
03/1996,20.00
04/1996,21.00
05/1996,19.10
06/1996,18.30
07/1996,19.60
08/1996,20.60
09/1996,22.60
10/1996,24.20
11/1996,22.60
12/1996,23.90
01/1997,23.50
02/1997,20.80
03/1997,19.20
04/1997,17.50
05/1997,19.10
06/1997,17.60
07/1997,18.40
08/1997,18.70
09/1997,18.50
10/1997,19.90
11/1997,19.00
12/1997,17.00
01/1998,15.10
02/1998,14.10
03/1998,13.10
04/1998,13.40
05/1998,14.40
06/1998,12.10
07/1998,12.00
08/1998,11.90
09/1998,13.40
10/1998,12.60
11/1998,10.90
12/1998,9.80
01/1999,11.10
02/1999,10.20
03/1999,12.50
04/1999,15.30
05/1999,15.10
06/1999,15.80
07/1999,19.00
08/1999,20.20
09/1999,22.40
10/1999,22.00
11/1999,24.60
12/1999,25.60
01/2000,25.40
02/2000,27.70
03/2000,27.50
04/2000,22.50
05/2000,27.30
06/2000,29.70
07/2000,28.50
08/2000,29.40
09/2000,32.60
10/2000,30.90
11/2000,32.50
12/2000,25.10
01/2001,25.60
02/2001,27.40
03/2001,24.40
04/2001,25.60
05/2001,28.50
06/2001,27.70
07/2001,24.50
08/2001,25.70
09/2001,25.50
10/2001,20.50
11/2001,18.90
12/2001,18.60
01/2002,19.50
02/2002,20.30
03/2002,23.70
04/2002,25.70
05/2002,25.40
06/2002,24.10
07/2002,25.80
08/2002,26.60
09/2002,28.30
10/2002,27.50
11/2002,24.20
12/2002,28.50
01/2003,31.20
02/2003,32.60
03/2003,30.30
04/2003,25.00
05/2003,25.80
06/2003,27.50
07/2003,28.40
08/2003,29.80
09/2003,27.10
10/2003,29.60
11/2003,28.80
12/2003,29.90
01/2004,31.20
02/2004,30.90
03/2004,33.80
04/2004,33.40
05/2004,37.90
06/2004,35.20
07/2004,38.40
08/2004,43.00
09/2004,43.40
10/2004,49.80
11/2004,43.10
12/2004,39.60
01/2005,44.30
02/2005,45.60
03/2005,53.10
04/2005,51.90
05/2005,48.70
06/2005,54.30
07/2005,57.60
08/2005,64.10
09/2005,63.00
10/2005,58.50
11/2005,55.50
12/2005,56.70
01/2006,63.60
02/2006,59.90
03/2006,62.30
04/2006,70.40
05/2006,70.20
06/2006,68.90
07/2006,73.90
08/2006,73.60
09/2006,62.80
10/2006,58.40
11/2006,58.50
12/2006,62.30
01/2007,54.30
02/2007,57.80
03/2007,62.10
04/2007,67.40
05/2007,67.50
06/2007,71.30
07/2007,77.20
08/2007,70.80
09/2007,77.10
10/2007,82.90
11/2007,92.50
12/2007,91.50
01/2008,91.90
02/2008,94.80
03/2008,103.30
04/2008,110.20
05/2008,123.90
06/2008,133.00
07/2008,133.90
08/2008,113.80
09/2008,99.10
10/2008,72.80
11/2008,53.20
12/2008,41.60
01/2009,44.90
02/2009,43.20
03/2009,46.80
04/2009,50.80
05/2009,57.90
06/2009,68.60
07/2009,64.90
08/2009,72.50
09/2009,67.70
10/2009,73.20
11/2009,77.00
12/2009,74.70
01/2010,76.40
02/2010,74.30
03/2010,79.30
04/2010,85.00
05/2010,76.30
06/2010,74.80
07/2010,74.70
08/2010,76.70
09/2010,77.80
10/2010,82.90
11/2010,85.70
12/2010,91.80
01/2011,96.30
02/2011,104.00
03/2011,114.40
04/2011,123.10
05/2011,114.50
06/2011,113.80
07/2011,116.50
08/2011,110.10
09/2011,110.90
10/2011,109.50
11/2011,110.50
12/2011,107.90
01/2012,111.20
02/2012,119.70
03/2012,124.90
04/2012,120.50
05/2012,110.50
06/2012,95.60
07/2012,103.10
08/2012,113.30
09/2012,113.40
10/2012,112.00
11/2012,109.70
12/2012,109.70
01/2013,113.00
02/2013,116.50
03/2013,109.20
04/2013,102.90
05/2013,103.00
06/2013,103.10
07/2013,107.70
08/2013,111.00
09/2013,111.60
10/2013,109.50
11/2013,108.10
12/2013,110.70
01/2014,107.40
02/2014,108.80
03/2014,107.40
04/2014,107.80
05/2014,109.70
06/2014,111.90
07/2014,107.00
08/2014,101.90
09/2014,97.30
10/2014,87.30
11/2014,78.40
12/2014,62.30
01/2015,48.10
02/2015,57.90
03/2015,55.80
04/2015,59.40
05/2015,64.60
06/2015,62.30
07/2015,55.90
08/2015,47.00
09/2015,47.20
10/2015,48.10
11/2015,44.40
12/2015,37.70
01/2016,30.80
02/2016,33.20
03/2016,39.10
04/2016,42.30
05/2016,47.10
06/2016,48.50
07/2016,45.10
08/2016,46.10
09/2016,46.20
10/2016,49.70
11/2016,46.40
12/2016,54.10
01/2017,54.90
02/2017,55.50
03/2017,52.00
04/2017,53.00
05/2017,50.90
06/2017,46.90
07/2017,48.70
08/2017,51.40
09/2017,55.20
10/2017,57.60
11/2017,62.60
12/2017,64.20
01/2018,69.00
02/2018,65.40
03/2018,66.50
04/2018,71.60
05/2018,76.70
06/2018,75.20
07/2018,74.40
08/2018,73.10
09/2018,78.90
10/2018,80.50
11/2018,65.20
12/2018,56.50
01/2019,59.30
02/2019,64.10
03/2019,66.40
04/2019,71.20
05/2019,70.50
06/2019,63.30
07/2019,64.00
08/2019,59.30
09/2019,62.30
10/2019,59.40
11/2019,62.70
12/2019,65.90
01/2020,63.60
02/2020,55.00
03/2020,33.00
04/2020,23.30
05/2020,31.00
06/2020,39.90
07/2020,42.80
08/2020,44.30
09/2020,41.10
10/2020,40.50
11/2020,43.20
12/2020,49.90
01/2021,54.60
02/2021,62.00
03/2021,65.20
04/2021,64.80
05/2021,68.00
06/2021,73.10
07/2021,74.40
08/2021,70.00
09/2021,74.60
10/2021,83.70
11/2021,80.80
12/2021,74.30
01/2022,85.50
02/2022,95.80
03/2022,115.60
04/2022,105.80
05/2022,112.40
06/2022,120.10
07/2022,108.90
08/2022,98.60
09/2022,90.20
10/2022,93.10
11/2022,91.10
12/2022,80.90
01/2023,83.10
02/2023,82.70
03/2023,78.50
04/2023,84.10
05/2023,75.70
06/2023,74.90
07/2023,80.10
08/2023,86.20
09/2023,94.00
10/2023,91.10
11/2023,83.20
12/2023,77.90
01/2024,80.20
02/2024,83.80
03/2024,85.40
04/2024,90.10
05/2024,82.00
06/2024,82.60
07/2024,85.30
08/2024,80.90
09/2024,74.30
10/2024,75.70
11/2024,74.40
12/2024,73.80
01/2025,79.20
02/2025,75.20
03/2025,72.60
04/2025,67.70
05/2025,64.20
06/2025,71.50
07/2025,71.00
08/2025,68.20
09/2025,68.00
10/2025,64.70
11/2025,63.60
12/2025,62.70
01/2026,66.80
02/2026,71.10
03/2026,103.70
04/2026,120.40
05/2026,107.50
06/2026,85.40
07/2026,83.40