,Consumer Price Index: YoY: Monthly: India
Region,India
Subnational,
Frequency,Monthly
Unit,%
Source,CEIC Data
Status,Active
Series ID,229349002 (IIGEAAAAB)
SR Code,SR196975067
Trade Code,
Mnemonic,IN.CPI.FI.YOY-M
Function Description,
First Obs. Date,01/1958
Last Obs. Date,07/2026
Last Update Time,12/08/2026
Series Remarks,1. CEIC calculates Consumer Price Index Growth from monthly Consumer Price Index.
2. Ministry of Statistics and Programme Implementation provides Consumer Price Index with base 2024=100.
3. Consumer Price Index Growth prior to January 2014 is calculated from Consumer Price Index with base 2012=100.
4. Consumer Price Index Growth prior to January 2012 is sourced from the International Monetary Fund and covers Industrial workers only.

[COVID-19-IMPACT]
Suggestions,
Mean,7.14
Variance,26.96
Standard Deviation,5.19
Skewness,0.91
Kurtosis,4.50
Coefficient Variation,0.73
Min,-11.29
Max,34.64
Median,6.49
Sum,5873.86
Subtract,-45.93
No. of Obs,823.00
01/1958,3.71
02/1958,2.72
03/1958,2.72
04/1958,1.70
05/1958,2.89
06/1958,3.55
07/1958,6.15
08/1958,6.09
09/1958,6.28
10/1958,8.67
11/1958,7.21
12/1958,5.15
01/1959,5.49
02/1959,7.47
03/1959,6.51
04/1959,5.49
05/1959,5.15
06/1959,4.34
07/1959,4.23
08/1959,4.19
09/1959,2.41
10/1959,2.59
11/1959,3.25
12/1959,4.23
01/1960,4.30
02/1960,3.36
03/1960,3.39
04/1960,4.30
05/1960,3.34
06/1960,2.41
07/1960,1.71
08/1960,0.85
09/1960,0.85
10/1960,-0.84
11/1960,-1.68
12/1960,0.00
01/1961,0.65
02/1961,0.65
03/1961,2.41
04/1961,1.52
05/1961,0.86
06/1961,0.85
07/1961,0.84
08/1961,1.47
09/1961,2.33
10/1961,2.33
11/1961,3.21
12/1961,3.21
01/1962,3.45
02/1962,3.45
03/1962,2.56
04/1962,3.21
05/1962,4.06
06/1962,4.03
07/1962,3.75
08/1962,3.93
09/1962,3.93
10/1962,4.76
11/1962,3.93
12/1962,2.48
01/1963,2.29
02/1963,1.46
03/1963,2.29
04/1963,2.48
05/1963,2.26
06/1963,3.05
07/1963,2.41
08/1963,2.39
09/1963,2.99
10/1963,2.96
11/1963,3.78
12/1963,6.87
01/1964,7.74
02/1964,10.06
03/1964,9.98
04/1964,9.90
05/1964,11.45
06/1964,11.86
07/1964,14.12
08/1964,14.59
09/1964,16.05
10/1964,18.23
11/1964,18.23
12/1964,17.01
01/1965,17.77
02/1965,14.18
03/1965,11.11
04/1965,11.03
05/1965,9.55
06/1965,8.83
07/1965,8.93
08/1965,9.00
09/1965,8.33
10/1965,5.52
11/1965,6.01
12/1965,5.49
01/1966,4.82
02/1966,7.35
03/1966,9.50
04/1966,9.44
05/1966,12.34
06/1966,13.47
07/1966,11.99
08/1966,11.68
09/1966,10.92
10/1966,11.54
11/1966,12.25
12/1966,13.94
01/1967,13.94
02/1967,13.85
03/1967,14.92
04/1967,15.43
05/1967,13.91
06/1967,14.02
07/1967,13.24
08/1967,13.25
09/1967,12.07
10/1967,12.97
11/1967,11.32
12/1967,8.60
01/1968,11.69
02/1968,9.49
03/1968,6.49
04/1968,5.90
05/1968,2.96
06/1968,1.38
07/1968,0.00
08/1968,1.23
09/1968,2.35
10/1968,1.47
11/1968,-0.37
12/1968,-2.23
01/1969,-5.54
02/1969,-4.64
03/1969,-2.36
04/1969,-2.23
05/1969,-0.25
06/1969,1.73
07/1969,2.86
08/1969,0.61
09/1969,0.00
10/1969,-1.08
11/1969,0.62
12/1969,3.54
01/1970,4.20
02/1970,4.74
03/1970,5.35
04/1970,5.82
05/1970,5.76
06/1970,4.01
07/1970,3.87
08/1970,4.47
09/1970,4.96
10/1970,6.20
11/1970,6.72
12/1970,5.01
01/1971,3.91
02/1971,3.91
03/1971,2.78
04/1971,1.67
05/1971,0.59
06/1971,1.05
07/1971,2.21
08/1971,3.70
09/1971,4.26
10/1971,3.67
11/1971,4.24
12/1971,4.89
01/1972,5.41
02/1972,4.82
03/1972,5.41
04/1972,6.00
05/1972,6.47
06/1972,7.41
07/1972,7.86
08/1972,6.70
09/1972,6.19
10/1972,6.63
11/1972,6.59
12/1972,7.66
01/1973,8.26
02/1973,10.44
03/1973,11.38
04/1973,13.32
05/1973,16.35
06/1973,15.95
07/1973,18.48
08/1973,19.35
09/1973,19.25
10/1973,21.55
11/1973,23.30
12/1973,23.81
01/1974,25.67
02/1974,25.30
03/1974,27.25
04/1974,28.01
05/1974,28.96
06/1974,29.18
07/1974,28.07
08/1974,29.97
09/1974,34.64
10/1974,31.88
11/1974,27.84
12/1974,25.40
01/1975,23.54
02/1975,21.74
03/1975,16.77
04/1975,14.15
05/1975,11.19
06/1975,8.99
07/1975,4.18
08/1975,0.00
09/1975,-4.47
10/1975,-5.62
11/1975,-4.84
12/1975,-6.18
01/1976,-8.57
02/1976,-10.73
03/1976,-10.92
04/1976,-10.52
05/1976,-11.26
06/1976,-11.29
07/1976,-8.35
08/1976,-7.15
09/1976,-5.36
10/1976,-3.84
11/1976,-2.89
12/1976,0.00
01/1977,2.98
02/1977,6.87
03/1977,9.08
04/1977,8.31
05/1977,9.63
06/1977,9.97
07/1977,9.40
08/1977,9.66
09/1977,9.61
10/1977,8.55
11/1977,7.86
12/1977,7.86
01/1978,5.85
02/1978,3.21
03/1978,2.91
04/1978,2.84
05/1978,1.57
06/1978,2.17
07/1978,1.53
08/1978,1.26
09/1978,1.50
10/1978,3.08
11/1978,3.08
12/1978,1.51
01/1979,2.20
02/1979,2.84
03/1979,3.44
04/1979,4.71
05/1979,4.96
06/1979,5.56
07/1979,7.02
08/1979,8.76
09/1979,8.05
10/1979,7.32
11/1979,8.21
12/1979,11.70
01/1980,11.73
02/1980,12.11
03/1980,12.32
04/1980,11.24
05/1980,12.71
06/1980,11.86
07/1980,11.59
08/1980,10.28
09/1980,10.73
10/1980,11.21
11/1980,11.65
12/1980,9.09
01/1981,10.74
02/1981,13.32
03/1981,12.59
04/1981,13.86
05/1981,13.31
06/1981,13.74
07/1981,13.46
08/1981,14.34
09/1981,13.41
10/1981,13.33
11/1981,12.43
12/1981,12.73
01/1982,11.70
02/1982,9.58
03/1982,8.81
04/1982,7.51
05/1982,6.70
06/1982,7.05
07/1982,6.92
08/1982,7.49
09/1982,7.26
10/1982,6.73
11/1982,7.36
12/1982,8.05
01/1983,7.83
02/1983,9.17
03/1983,9.85
04/1983,10.71
05/1983,12.79
06/1983,13.40
07/1983,13.18
08/1983,12.51
09/1983,13.28
10/1983,13.62
11/1983,13.09
12/1983,12.46
01/1984,13.78
02/1984,12.16
03/1984,11.13
04/1984,10.01
05/1984,7.85
06/1984,7.68
07/1984,8.12
08/1984,6.74
09/1984,6.33
10/1984,6.13
11/1984,6.06
12/1984,5.19
01/1985,4.42
02/1985,4.28
03/1985,5.04
04/1985,6.27
05/1985,6.74
06/1985,5.58
07/1985,5.14
08/1985,5.47
09/1985,5.07
10/1985,5.56
11/1985,5.90
12/1985,7.14
01/1986,6.96
02/1986,8.22
03/1986,8.87
04/1986,8.24
05/1986,8.52
06/1986,8.57
07/1986,8.62
08/1986,8.72
09/1986,9.23
10/1986,9.59
11/1986,9.83
12/1986,9.21
01/1987,9.40
02/1987,8.38
03/1987,7.53
04/1987,7.47
05/1987,7.98
06/1987,8.69
07/1987,8.36
08/1987,9.54
09/1987,10.18
10/1987,9.48
11/1987,9.11
12/1987,9.31
01/1988,9.44
02/1988,9.18
03/1988,9.75
04/1988,10.40
05/1988,9.67
06/1988,9.36
07/1988,9.81
08/1988,8.68
09/1988,8.20
10/1988,9.76
11/1988,9.69
12/1988,8.79
01/1989,8.01
02/1989,8.57
03/1989,8.66
04/1989,7.89
05/1989,8.05
06/1989,7.15
07/1989,6.64
08/1989,7.21
09/1989,7.63
10/1989,5.39
11/1989,4.76
12/1989,5.42
01/1990,5.45
02/1990,6.06
03/1990,6.63
04/1990,7.78
05/1990,7.69
06/1990,8.82
07/1990,9.88
08/1990,9.20
09/1990,8.52
10/1990,10.80
11/1990,12.50
12/1990,13.71
01/1991,16.09
02/1991,15.43
03/1991,13.56
04/1991,12.22
05/1991,12.09
06/1991,12.97
07/1991,13.23
08/1991,14.21
09/1991,15.71
10/1991,14.36
11/1991,13.64
12/1991,13.07
01/1992,12.87
02/1992,13.37
03/1992,13.93
04/1992,14.36
05/1992,14.71
06/1992,12.92
07/1992,13.08
08/1992,11.52
09/1992,9.95
10/1992,9.42
11/1992,8.44
12/1992,8.00
01/1993,5.70
02/1993,5.24
03/1993,6.11
04/1993,6.06
05/1993,5.13
06/1993,5.93
07/1993,4.55
08/1993,5.79
09/1993,6.58
10/1993,7.38
11/1993,8.61
12/1993,8.64
01/1994,9.13
02/1994,9.96
03/1994,9.88
04/1994,9.80
05/1994,10.57
06/1994,10.80
07/1994,11.07
08/1994,10.94
09/1994,11.20
10/1994,10.31
11/1994,9.81
12/1994,9.47
01/1995,9.89
02/1995,9.81
03/1995,9.74
04/1995,9.67
05/1995,10.29
06/1995,10.47
07/1995,11.39
08/1995,10.92
09/1995,10.07
10/1995,10.38
11/1995,10.31
12/1995,9.69
01/1996,9.00
02/1996,8.59
03/1996,8.87
04/1996,9.83
05/1996,9.33
06/1996,8.82
07/1996,8.31
08/1996,8.89
09/1996,8.52
10/1996,8.46
11/1996,8.72
12/1996,10.41
01/1997,11.11
02/1997,10.76
03/1997,10.03
04/1997,9.26
05/1997,7.32
06/1997,6.61
07/1997,5.60
08/1997,4.66
09/1997,4.94
10/1997,5.49
11/1997,4.87
12/1997,6.29
01/1998,9.71
02/1998,9.14
03/1998,8.26
04/1998,8.19
05/1998,10.51
06/1998,12.39
07/1998,14.80
08/1998,15.04
09/1998,16.34
10/1998,18.63
11/1998,19.67
12/1998,15.32
01/1999,9.38
02/1999,8.64
03/1999,8.95
04/1999,8.36
05/1999,7.71
06/1999,5.26
07/1999,3.16
08/1999,3.15
09/1999,2.14
10/1999,0.92
11/1999,0.00
12/1999,0.47
01/2000,2.62
02/2000,3.61
03/2000,4.83
04/2000,5.54
05/2000,5.01
06/2000,5.24
07/2000,4.95
08/2000,3.99
09/2000,3.50
10/2000,2.75
11/2000,2.74
12/2000,3.48
01/2001,3.25
02/2001,3.02
03/2001,2.53
04/2001,2.28
05/2001,2.50
06/2001,3.39
07/2001,4.04
08/2001,5.19
09/2001,4.73
10/2001,4.23
11/2001,4.89
12/2001,5.16
01/2002,4.94
02/2002,5.19
03/2002,5.17
04/2002,4.69
05/2002,4.66
06/2002,4.16
07/2002,3.89
08/2002,3.86
09/2002,4.30
10/2002,4.06
11/2002,3.60
12/2002,3.20
01/2003,3.43
02/2003,3.86
03/2003,4.06
04/2003,5.12
05/2003,4.66
06/2003,4.41
07/2003,4.16
08/2003,3.10
09/2003,2.89
10/2003,3.29
11/2003,3.07
12/2003,3.72
01/2004,4.35
02/2004,4.13
03/2004,3.49
04/2004,2.23
05/2004,2.83
06/2004,3.02
07/2004,3.19
08/2004,4.61
09/2004,4.81
10/2004,4.57
11/2004,4.17
12/2004,3.78
01/2005,4.37
02/2005,4.17
03/2005,4.17
04/2005,4.96
05/2005,3.74
06/2005,3.32
07/2005,4.06
08/2005,3.45
09/2005,3.63
10/2005,4.18
11/2005,5.33
12/2005,5.57
01/2006,4.37
02/2006,4.57
03/2006,4.57
04/2006,4.65
05/2006,5.93
06/2006,7.27
07/2006,6.33
08/2006,5.94
09/2006,6.40
10/2006,6.92
11/2006,5.95
12/2006,6.53
01/2007,6.72
02/2007,7.56
03/2007,6.72
04/2007,6.67
05/2007,6.61
06/2007,5.69
07/2007,6.45
08/2007,7.26
09/2007,6.40
10/2007,5.51
11/2007,5.51
12/2007,5.51
01/2008,5.51
02/2008,5.47
03/2008,7.87
04/2008,7.81
05/2008,7.75
06/2008,7.69
07/2008,8.33
08/2008,9.02
09/2008,9.77
10/2008,10.45
11/2008,10.45
12/2008,9.70
01/2009,10.45
02/2009,9.63
03/2009,8.03
04/2009,8.70
05/2009,8.63
06/2009,9.29
07/2009,11.89
08/2009,11.72
09/2009,11.64
10/2009,11.49
11/2009,13.51
12/2009,14.97
01/2010,16.22
02/2010,14.86
03/2010,14.86
04/2010,13.33
05/2010,13.91
06/2010,13.73
07/2010,11.25
08/2010,9.88
09/2010,9.82
10/2010,9.70
11/2010,8.33
12/2010,9.47
01/2011,9.30
02/2011,8.82
03/2011,8.82
04/2011,9.41
05/2011,8.72
06/2011,8.62
07/2011,8.43
08/2011,8.99
09/2011,10.06
10/2011,9.39
11/2011,9.34
12/2011,7.10
01/2012,6.26
02/2012,8.03
03/2012,9.05
04/2012,9.76
05/2012,9.80
06/2012,10.15
07/2012,10.13
08/2012,10.25
09/2012,9.70
10/2012,9.28
11/2012,9.56
12/2012,10.45
01/2013,9.99
02/2013,10.26
03/2013,9.44
04/2013,8.49
05/2013,8.42
06/2013,9.52
07/2013,9.79
08/2013,9.98
09/2013,10.50
10/2013,10.81
11/2013,11.51
12/2013,9.46
01/2014,8.53
02/2014,7.75
03/2014,8.09
04/2014,8.41
05/2014,8.35
06/2014,6.77
07/2014,7.35
08/2014,7.09
09/2014,5.68
10/2014,4.63
11/2014,3.26
12/2014,4.31
01/2015,5.18
02/2015,5.35
03/2015,5.32
04/2015,4.95
05/2015,4.92
06/2015,5.37
07/2015,3.66
08/2015,3.63
09/2015,4.27
10/2015,4.90
11/2015,5.37
12/2015,5.56
01/2016,5.72
02/2016,5.40
03/2016,4.90
04/2016,5.35
05/2016,5.78
06/2016,5.71
07/2016,6.14
08/2016,5.18
09/2016,4.39
10/2016,4.22
11/2016,3.60
12/2016,3.46
01/2017,3.16
02/2017,3.61
03/2017,3.77
04/2017,3.13
05/2017,2.22
06/2017,1.46
07/2017,2.32
08/2017,3.18
09/2017,3.34
10/2017,3.61
11/2017,4.92
12/2017,5.24
01/2018,5.10
02/2018,4.36
03/2018,4.35
04/2018,4.49
05/2018,4.91
06/2018,4.89
07/2018,4.10
08/2018,3.65
09/2018,3.65
10/2018,3.35
11/2018,2.34
12/2018,2.07
01/2019,1.94
02/2019,2.65
03/2019,2.78
04/2019,3.05
05/2019,3.03
06/2019,3.29
07/2019,3.26
08/2019,3.38
09/2019,4.07
10/2019,4.59
11/2019,5.53
12/2019,7.32
01/2020,7.62
02/2020,6.51
03/2020,5.95
04/2020,7.12
05/2020,6.28
06/2020,6.24
07/2020,6.71
08/2020,6.68
09/2020,7.29
10/2020,7.61
11/2020,6.90
12/2020,4.55
01/2021,4.05
02/2021,5.10
03/2021,5.49
04/2021,4.27
05/2021,6.29
06/2021,6.25
07/2021,5.55
08/2021,5.28
09/2021,4.37
10/2021,4.56
11/2021,4.90
12/2021,5.68
01/2022,6.08
02/2022,6.06
03/2022,6.90
04/2022,7.82
05/2022,6.98
06/2022,6.94
07/2022,6.66
08/2022,6.99
09/2022,7.33
10/2022,6.77
11/2022,5.92
12/2022,5.71
01/2023,6.53
02/2023,6.40
03/2023,5.66
04/2023,4.69
05/2023,4.31
06/2023,4.84
07/2023,7.45
08/2023,6.86
09/2023,5.09
10/2023,4.83
11/2023,5.48
12/2023,5.73
01/2024,5.05
02/2024,5.16
03/2024,4.93
04/2024,4.80
05/2024,4.88
06/2024,5.14
07/2024,3.67
08/2024,3.67
09/2024,5.46
10/2024,6.25
11/2024,5.50
12/2024,5.21
01/2025,4.06
02/2025,3.49
03/2025,3.56
04/2025,3.34
05/2025,3.03
06/2025,2.31
07/2025,1.62
08/2025,2.01
09/2025,1.41
10/2025,0.04
11/2025,0.49
12/2025,1.17
01/2026,2.73
02/2026,3.21
03/2026,3.40
04/2026,3.48
05/2026,3.94
06/2026,4.38
07/2026,4.44