,Economic Policy Uncertainty Index: India
Region,India
Subnational,
Frequency,Monthly
Unit,Index
Source,Economic Policy Uncertainty
Status,Active
Series ID,424145197.00
SR Code,SR131925887
Trade Code,
Mnemonic,
Function Description,
First Obs. Date,01/1997
Last Obs. Date,07/2026
Last Update Time,06/08/2026
Series Remarks,[COVID-19-IMPACT]
Suggestions,
Mean,92.19
Variance,2431.69
Standard Deviation,49.31
Skewness,1.60
Kurtosis,3.09
Coefficient Variation,0.53
Min,23.35
Max,323.81
Median,78.07
Sum,32727.35
Subtract,-300.45
No. of Obs,355.00
01/1997,43.48
02/1997,67.38
03/1997,61.97
04/1997,55.67
05/1997,91.99
06/1997,83.40
07/1997,65.87
08/1997,67.54
09/1997,68.86
10/1997,70.65
11/1997,53.86
12/1997,63.90
01/1998,57.82
02/1998,54.84
03/1998,63.41
04/1998,70.95
05/1998,69.31
06/1998,58.64
07/1998,58.71
08/1998,74.84
09/1998,82.42
10/1998,75.53
11/1998,65.98
12/1998,64.94
01/1999,57.66
02/1999,46.41
03/1999,55.51
04/1999,55.26
05/1999,50.80
06/1999,58.74
07/1999,53.12
08/1999,38.92
09/1999,53.70
10/1999,47.14
11/1999,70.65
12/1999,67.51
01/2000,52.05
02/2000,73.88
03/2000,61.25
04/2000,67.54
05/2000,54.67
06/2000,61.16
07/2000,67.47
08/2000,53.90
09/2000,54.72
10/2000,65.36
11/2000,79.99
12/2000,71.80
01/2001,76.06
02/2001,67.68
03/2001,74.38
04/2001,74.57
05/2001,67.49
06/2001,71.34
07/2001,81.33
08/2001,55.75
09/2001,111.60
10/2001,122.84
11/2001,99.77
12/2001,80.19
01/2002,83.51
02/2002,80.76
03/2002,71.07
04/2002,72.39
05/2002,81.08
06/2002,85.37
07/2002,86.11
08/2002,90.54
09/2002,108.75
10/2002,110.51
11/2002,94.36
12/2002,91.07
01/2003,49.28
02/2003,69.26
03/2003,113.42
04/2003,80.29
05/2003,62.98
06/2003,57.72
07/2003,63.99
08/2003,59.85
09/2003,53.43
10/2003,64.71
11/2003,40.54
12/2003,42.96
01/2004,77.31
02/2004,82.82
03/2004,24.94
04/2004,73.95
05/2004,229.63
06/2004,48.42
07/2004,47.16
08/2004,83.19
09/2004,41.46
10/2004,86.21
11/2004,50.96
12/2004,50.83
01/2005,52.31
02/2005,60.80
03/2005,38.83
04/2005,90.30
05/2005,60.12
06/2005,63.02
07/2005,66.43
08/2005,30.69
09/2005,31.90
10/2005,51.64
11/2005,33.01
12/2005,42.35
01/2006,39.99
02/2006,31.37
03/2006,32.27
04/2006,37.33
05/2006,39.59
06/2006,53.54
07/2006,72.43
08/2006,59.81
09/2006,41.71
10/2006,37.20
11/2006,85.05
12/2006,63.50
01/2007,45.92
02/2007,71.26
03/2007,50.21
04/2007,72.65
05/2007,35.19
06/2007,27.74
07/2007,35.05
08/2007,47.83
09/2007,58.07
10/2007,72.57
11/2007,56.18
12/2007,61.81
01/2008,126.78
02/2008,89.35
03/2008,175.19
04/2008,124.78
05/2008,94.38
06/2008,162.87
07/2008,193.61
08/2008,92.27
09/2008,124.11
10/2008,235.19
11/2008,146.63
12/2008,136.16
01/2009,105.82
02/2009,135.76
03/2009,155.97
04/2009,131.59
05/2009,114.32
06/2009,98.40
07/2009,141.07
08/2009,103.88
09/2009,87.39
10/2009,86.00
11/2009,68.56
12/2009,78.49
01/2010,77.45
02/2010,129.57
03/2010,96.49
04/2010,94.17
05/2010,113.87
06/2010,151.38
07/2010,100.37
08/2010,89.11
09/2010,99.40
10/2010,89.00
11/2010,107.06
12/2010,157.43
01/2011,124.55
02/2011,144.15
03/2011,96.32
04/2011,71.04
05/2011,102.97
06/2011,105.51
07/2011,155.34
08/2011,272.87
09/2011,186.79
10/2011,222.57
11/2011,224.14
12/2011,249.34
01/2012,183.12
02/2012,180.23
03/2012,239.42
04/2012,173.37
05/2012,246.41
06/2012,283.69
07/2012,142.37
08/2012,166.01
09/2012,152.37
10/2012,163.23
11/2012,141.81
12/2012,153.57
01/2013,133.15
02/2013,138.35
03/2013,155.18
04/2013,148.75
05/2013,122.28
06/2013,129.94
07/2013,130.03
08/2013,188.83
09/2013,160.82
10/2013,107.32
11/2013,79.37
12/2013,103.19
01/2014,95.18
02/2014,78.71
03/2014,66.13
04/2014,78.74
05/2014,88.94
06/2014,72.42
07/2014,104.41
08/2014,133.45
09/2014,115.32
10/2014,91.52
11/2014,119.68
12/2014,115.65
01/2015,120.24
02/2015,98.45
03/2015,53.43
04/2015,52.31
05/2015,63.05
06/2015,79.26
07/2015,50.59
08/2015,77.57
09/2015,85.26
10/2015,45.60
11/2015,47.65
12/2015,77.32
01/2016,70.28
02/2016,99.21
03/2016,92.20
04/2016,47.39
05/2016,53.01
06/2016,144.27
07/2016,78.07
08/2016,41.01
09/2016,32.88
10/2016,38.69
11/2016,72.81
12/2016,117.89
01/2017,84.13
02/2017,137.40
03/2017,65.68
04/2017,81.33
05/2017,39.26
06/2017,59.07
07/2017,62.03
08/2017,37.69
09/2017,78.03
10/2017,83.39
11/2017,62.91
12/2017,81.99
01/2018,39.43
02/2018,79.91
03/2018,42.04
04/2018,34.92
05/2018,37.56
06/2018,47.17
07/2018,63.25
08/2018,77.72
09/2018,63.51
10/2018,63.92
11/2018,68.80
12/2018,66.13
01/2019,64.74
02/2019,50.12
03/2019,40.59
04/2019,60.45
05/2019,83.64
06/2019,72.85
07/2019,70.45
08/2019,81.67
09/2019,105.54
10/2019,90.66
11/2019,50.36
12/2019,106.04
01/2020,48.14
02/2020,92.65
03/2020,110.10
04/2020,160.82
05/2020,167.75
06/2020,75.15
07/2020,107.75
08/2020,115.06
09/2020,82.27
10/2020,95.49
11/2020,69.50
12/2020,69.88
01/2021,83.66
02/2021,51.78
03/2021,40.93
04/2021,78.99
05/2021,73.24
06/2021,58.33
07/2021,76.86
08/2021,69.16
09/2021,48.92
10/2021,39.95
11/2021,23.35
12/2021,72.33
01/2022,70.02
02/2022,91.20
03/2022,120.70
04/2022,90.13
05/2022,69.12
06/2022,65.48
07/2022,81.29
08/2022,72.42
09/2022,67.74
10/2022,90.50
11/2022,77.13
12/2022,78.09
01/2023,50.97
02/2023,126.75
03/2023,72.39
04/2023,85.97
05/2023,48.45
06/2023,60.06
07/2023,55.64
08/2023,57.64
09/2023,32.91
10/2023,122.11
11/2023,104.74
12/2023,128.54
01/2024,129.91
02/2024,148.83
03/2024,91.72
04/2024,137.18
05/2024,83.04
06/2024,141.56
07/2024,193.14
08/2024,117.74
09/2024,143.19
10/2024,152.87
11/2024,105.32
12/2024,142.25
01/2025,169.28
02/2025,176.34
03/2025,132.87
04/2025,157.31
05/2025,98.96
06/2025,145.56
07/2025,81.78
08/2025,122.75
09/2025,165.34
10/2025,135.85
11/2025,133.43
12/2025,197.80
01/2026,170.68
02/2026,323.81
03/2026,268.52
04/2026,205.15
05/2026,271.39
06/2026,219.50
07/2026,152.41