,Foreign Exchange Reserve: USD: Foreign Exchange
Region,India
Subnational,
Frequency,Monthly
Unit,USD mn
Source,Reserve Bank of India
Status,Active
Series ID,20298001 (IKLBB)
SR Code,SR353892
Trade Code,
Mnemonic,
Function Description,
First Obs. Date,04/1989
Last Obs. Date,06/2026
Last Update Time,31/07/2026
Series Remarks,The Reserve Bank of India provides monthly Foreign Exchange Reserves in USD.
Suggestions,
Mean,219193.63
Variance,37333277310.03
Standard Deviation,193218.21
Skewness,0.47
Kurtosis,-1.07
Coefficient Variation,0.88
Min,1124.00
Max,617074.99
Median,238968.00
Sum,97979554.44
Subtract,-615950.99
No. of Obs,447.00
04/1989,3711.00
05/1989,3317.00
06/1989,3664.00
07/1989,3466.00
08/1989,2849.00
09/1989,2927.00
10/1989,3061.00
11/1989,2960.00
12/1989,3105.00
01/1990,2868.00
02/1990,3252.00
03/1990,3368.00
04/1990,2949.00
05/1990,3096.00
06/1990,3072.00
07/1990,2920.00
08/1990,3103.00
09/1990,2515.00
10/1990,2102.00
11/1990,1731.00
12/1990,1205.00
01/1991,2541.00
02/1991,2329.00
03/1991,2236.00
04/1991,1269.00
05/1991,1271.00
06/1991,1124.00
07/1991,1286.00
08/1991,1141.00
09/1991,1722.00
10/1991,2326.00
11/1991,2707.00
12/1991,3580.00
01/1992,3774.00
02/1992,4162.00
03/1992,5631.00
04/1992,5476.00
05/1992,5458.00
06/1992,6221.00
07/1992,6445.00
08/1992,6309.00
09/1992,5777.00
10/1992,5466.00
11/1992,4852.00
12/1992,5461.00
01/1993,5237.00
02/1993,5248.00
03/1993,6434.00
04/1993,6919.00
05/1993,6534.00
06/1993,6553.00
07/1993,6767.00
08/1993,7288.00
09/1993,7629.00
10/1993,7900.00
11/1993,8220.00
12/1993,9807.00
01/1994,10468.00
02/1994,13102.00
03/1994,15068.00
04/1994,15025.00
05/1994,15485.00
06/1994,16372.00
07/1994,17516.00
08/1994,17682.00
09/1994,18856.00
10/1994,19778.00
11/1994,19493.00
12/1994,19386.00
01/1995,19693.00
02/1995,19947.00
03/1995,20809.00
04/1995,20454.00
05/1995,20267.00
06/1995,19601.00
07/1995,19882.00
08/1995,18990.00
09/1995,19064.00
10/1995,17753.00
11/1995,17335.00
12/1995,17467.00
01/1996,16310.00
02/1996,15943.00
03/1996,17044.00
04/1996,17088.00
05/1996,17105.00
06/1996,17526.00
07/1996,17940.00
08/1996,17976.00
09/1996,18433.00
10/1996,19177.00
11/1996,19388.00
12/1996,19742.00
01/1997,19848.00
02/1997,19695.00
03/1997,22367.00
04/1997,22675.00
05/1997,24139.00
06/1997,25404.00
07/1997,26022.00
08/1997,26431.00
09/1997,25697.00
10/1997,26246.00
11/1997,24378.00
12/1997,23965.00
01/1998,24459.00
02/1998,24044.00
03/1998,25975.00
04/1998,26237.00
05/1998,25569.00
06/1998,23933.00
07/1998,24001.00
08/1998,24810.00
09/1998,26184.00
10/1998,26582.00
11/1998,26539.00
12/1998,26958.00
01/1999,27429.00
02/1999,27779.00
03/1999,29522.00
04/1999,29611.00
05/1999,30615.00
06/1999,30559.00
07/1999,30760.00
08/1999,30601.00
09/1999,30485.00
10/1999,30578.00
11/1999,31317.00
12/1999,31992.00
01/2000,31941.00
02/2000,32795.00
03/2000,35058.00
04/2000,34993.00
05/2000,34392.00
06/2000,33774.00
07/2000,33299.00
08/2000,32787.00
09/2000,32602.00
10/2000,32091.00
11/2000,36286.00
12/2000,37264.00
01/2001,38361.00
02/2001,38896.00
03/2001,39554.00
04/2001,39821.00
05/2001,40171.00
06/2001,40652.00
07/2001,40950.00
08/2001,42537.00
09/2001,41948.00
10/2001,42309.00
11/2001,44024.00
12/2001,45251.00
01/2002,46561.00
02/2002,47714.00
03/2002,51049.00
04/2002,52107.00
05/2002,52890.00
06/2002,54703.00
07/2002,56704.00
08/2002,58273.00
09/2002,59663.00
10/2002,61225.00
11/2002,63621.00
12/2002,66994.00
01/2003,69888.00
02/2003,69148.00
03/2003,71890.00
04/2003,74253.00
05/2003,77932.00
06/2003,78546.00
07/2003,80949.00
08/2003,82624.00
09/2003,87213.00
10/2003,88674.00
11/2003,92148.00
12/2003,97617.00
01/2004,100780.00
02/2004,104069.00
03/2004,107448.00
04/2004,113011.00
05/2004,114102.00
06/2004,114151.00
07/2004,112967.00
08/2004,112717.00
09/2004,114083.00
10/2004,115651.00
11/2004,122319.00
12/2004,125164.00
01/2005,123654.00
02/2005,130093.00
03/2005,135571.00
04/2005,135950.00
05/2005,132925.00
06/2005,132352.00
07/2005,134587.00
08/2005,138107.00
09/2005,136920.00
10/2005,137286.00
11/2005,136582.00
12/2005,131018.00
01/2006,133770.00
02/2006,135897.00
03/2006,145108.00
04/2006,153598.00
05/2006,156073.00
06/2006,155968.00
07/2006,157247.00
08/2006,158938.00
09/2006,158340.00
10/2006,160669.00
11/2006,167598.00
12/2006,170187.00
01/2007,173081.00
02/2007,187211.00
03/2007,191924.00
04/2007,196899.00
05/2007,200697.00
06/2007,206114.00
07/2007,219753.00
08/2007,221509.00
09/2007,239955.00
10/2007,256427.00
11/2007,264725.00
12/2007,266553.00
01/2008,283595.00
02/2008,291250.00
03/2008,299230.00
04/2008,304225.00
05/2008,304875.00
06/2008,302340.00
07/2008,295918.00
08/2008,286117.00
09/2008,277300.00
10/2008,244045.00
11/2008,238968.00
12/2008,246603.00
01/2009,238894.00
02/2009,238715.00
03/2009,241426.00
04/2009,241487.00
05/2009,251456.00
06/2009,254093.00
07/2009,260631.00
08/2009,261247.00
09/2009,264373.00
10/2009,266768.00
11/2009,263191.00
12/2009,258583.00
01/2010,256362.00
02/2010,253991.00
03/2010,254685.00
04/2010,254773.00
05/2010,247951.00
06/2010,249628.00
07/2010,258551.00
08/2010,256227.00
09/2010,265231.00
10/2010,269093.00
11/2010,263281.00
12/2010,267814.00
01/2011,269893.00
02/2011,271988.00
03/2011,274330.00
04/2011,282037.00
05/2011,279537.00
06/2011,283458.00
07/2011,286160.00
08/2011,286034.00
09/2011,275699.00
10/2011,282087.00
11/2011,272771.00
12/2011,262933.00
01/2012,258830.00
02/2012,260374.00
03/2012,260069.00
04/2012,260839.00
05/2012,253237.00
06/2012,256703.00
07/2012,256573.00
08/2012,257620.00
09/2012,259958.00
10/2012,260351.00
11/2012,260013.00
12/2012,261656.00
01/2013,261689.00
02/2013,257913.00
03/2013,259725.30
04/2013,263321.90
05/2013,258509.40
06/2013,254366.60
07/2013,250276.20
08/2013,247402.20
09/2013,248846.60
10/2013,253795.80
11/2013,263735.90
12/2013,267702.70
01/2014,264569.30
02/2014,266902.00
03/2014,276359.30
04/2014,283706.90
05/2014,285291.60
06/2014,289320.20
07/2014,292509.70
08/2014,291393.20
09/2014,288005.20
10/2014,290365.80
11/2014,290822.10
12/2014,295946.90
01/2015,303325.00
02/2015,312200.10
03/2015,317323.50
04/2015,327153.20
05/2015,327819.70
06/2015,331547.00
07/2015,329875.30
08/2015,328055.40
09/2015,326767.00
10/2015,330141.20
11/2015,327454.00
12/2015,327840.10
01/2016,326631.10
02/2016,325049.40
03/2016,336103.90
04/2016,339024.50
05/2016,337360.60
06/2016,339042.30
07/2016,341043.70
08/2016,341279.10
09/2016,346710.90
10/2016,341944.60
11/2016,337381.60
12/2016,336582.50
01/2017,339932.40
02/2017,340586.10
03/2017,346318.50
04/2017,349055.80
05/2017,356220.20
06/2017,362388.80
07/2017,369946.10
08/2017,373351.50
09/2017,375186.40
10/2017,374802.10
11/2017,377456.10
12/2017,385103.90
01/2018,397222.30
02/2018,395841.50
03/2018,399442.00
04/2018,395276.80
05/2018,387661.00
06/2018,380767.60
07/2018,379174.50
08/2018,375986.50
09/2018,376243.00
10/2018,367189.00
11/2018,368487.60
12/2018,369798.50
01/2019,373372.10
02/2019,374635.10
03/2019,385356.86
04/2019,390966.30
05/2019,394134.70
06/2019,400714.60
07/2019,398238.64
08/2019,395962.08
09/2019,402026.18
10/2019,413014.83
11/2019,419445.20
12/2019,426879.60
01/2020,437248.02
02/2020,446318.29
03/2020,442212.72
04/2020,443315.69
05/2020,455065.43
06/2020,465832.99
07/2020,490828.80
08/2020,498887.43
09/2020,502162.08
10/2020,517586.31
11/2020,533454.72
12/2020,542157.16
01/2021,547153.88
02/2021,542614.98
03/2021,536693.39
04/2021,546059.39
05/2021,554069.30
06/2021,568665.43
07/2021,575781.38
08/2021,578411.53
09/2021,573599.48
10/2021,577553.68
11/2021,574939.09
12/2021,569889.04
01/2022,566689.29
02/2022,566295.31
03/2022,540723.64
04/2022,531206.26
05/2022,538690.73
06/2022,525555.56
07/2022,511545.13
08/2022,498086.76
09/2022,472806.62
10/2022,474130.68
11/2022,490281.67
12/2022,498022.30
01/2023,506885.78
02/2023,497862.90
03/2023,509691.30
04/2023,520929.52
05/2023,522422.38
06/2023,527978.59
07/2023,537152.40
08/2023,529911.02
09/2023,521366.33
10/2023,519280.83
11/2023,533424.27
12/2023,551239.37
01/2024,548938.89
02/2024,554151.99
03/2024,570950.19
04/2024,561777.71
05/2024,572563.91
06/2024,572881.24
07/2024,589315.68
08/2024,597414.93
09/2024,617074.99
10/2024,589849.33
11/2024,569960.06
12/2024,547454.07
01/2025,537684.48
02/2025,543349.57
03/2025,567557.44
04/2025,581194.97
05/2025,584898.97
06/2025,591354.36
07/2025,582610.65
08/2025,584530.37
09/2025,579180.62
10/2025,564591.05
11/2025,557788.78
12/2025,552896.58
01/2026,560944.88
02/2026,573125.02
03/2026,552282.70
04/2026,551824.65
05/2026,546922.62
06/2026,542619.00