,Industrial Production Index: YoY: Monthly: India
Region,India
Subnational,
Frequency,Monthly
Unit,%
Source,CEIC Data
Status,Active
Series ID,211637002 (IBBAAAAAA)
SR Code,SR196841507
Trade Code,
Mnemonic,IN.IPI.VO.YoY-M
Function Description,
First Obs. Date,04/2006
Last Obs. Date,06/2026
Last Update Time,28/07/2026
Series Remarks,"1. CEIC calculates Industrial Production Index Growth from monthly Industrial Production Index.
2. Ministry of Statistics and Programme Implementation provides Industrial Production Index with base 2022-2023=100.
3. Industrial Production Index covers Mining and Quarrying, Manufacturing, Electricity and Gas, and Water Supply, Sewerage, & Waste Management sectors.
4. Industrial Production Index Growth prior to April 2024 is calculated from from Industrial Production Index with base 2011-2012=100 and prior to April 2013 is calculated from Industrial Production Index with base 2004-2005=100 and covers Mining, Manufacturing and Electricity sectors only."
Suggestions,
Mean,5.18
Variance,123.74
Standard Deviation,11.12
Skewness,5.51
Kurtosis,77.28
Coefficient Variation,2.15
Min,-57.31
Max,133.52
Median,4.52
Sum,1258.60
Subtract,-190.83
No. of Obs,243.00
04/2006,9.79
05/2006,11.35
06/2006,9.81
07/2006,14.84
08/2006,9.80
09/2006,13.22
10/2006,9.69
11/2006,19.98
12/2006,13.70
01/2007,13.84
02/2007,13.70
03/2007,14.36
04/2007,17.83
05/2007,19.25
06/2007,19.70
07/2007,16.16
08/2007,17.76
09/2007,13.37
10/2007,19.54
11/2007,9.88
12/2007,13.48
01/2008,13.05
02/2008,16.82
03/2008,11.73
04/2008,11.00
05/2008,7.16
06/2008,8.56
07/2008,5.64
08/2008,5.42
09/2008,10.90
10/2008,3.91
11/2008,1.31
12/2008,-1.59
01/2009,-5.31
02/2009,-7.23
03/2009,-5.19
04/2009,-1.90
05/2009,-1.64
06/2009,-1.82
07/2009,1.66
08/2009,5.29
09/2009,1.62
10/2009,2.33
11/2009,6.30
12/2009,9.51
01/2010,13.30
02/2010,13.72
03/2010,14.98
04/2010,13.04
05/2010,8.45
06/2010,7.48
07/2010,9.95
08/2010,4.48
09/2010,6.16
10/2010,11.36
11/2010,6.40
12/2010,8.13
01/2011,7.52
02/2011,6.67
03/2011,9.41
04/2011,5.32
05/2011,6.20
06/2011,9.45
07/2011,3.66
08/2011,3.40
09/2011,2.50
10/2011,-4.98
11/2011,6.01
12/2011,2.68
01/2012,0.97
02/2012,4.29
03/2012,-2.85
04/2012,-1.26
05/2012,2.47
06/2012,-1.98
07/2012,-0.06
08/2012,2.04
09/2012,-0.73
10/2012,8.40
11/2012,-1.01
12/2012,-0.55
01/2013,2.48
02/2013,0.57
03/2013,3.52
04/2013,3.32
05/2013,0.95
06/2013,-0.98
07/2013,3.15
08/2013,4.40
09/2013,6.77
10/2013,1.93
11/2013,3.66
12/2013,3.55
01/2014,4.76
02/2014,5.23
03/2014,2.86
04/2014,3.90
05/2014,4.72
06/2014,8.29
07/2014,5.44
08/2014,3.55
09/2014,4.26
10/2014,0.28
11/2014,7.36
12/2014,3.97
01/2015,1.78
02/2015,3.00
03/2015,2.36
04/2015,0.66
05/2015,1.80
06/2015,1.00
07/2015,1.27
08/2015,3.70
09/2015,2.18
10/2015,8.96
11/2015,0.82
12/2015,3.12
01/2016,4.02
02/2016,7.19
03/2016,5.19
04/2016,5.96
05/2016,7.35
06/2016,8.03
07/2016,4.47
08/2016,4.02
09/2016,4.97
10/2016,4.16
11/2016,5.08
12/2016,2.35
01/2017,3.53
02/2017,1.19
03/2017,4.39
04/2017,3.17
05/2017,2.89
06/2017,-0.33
07/2017,1.03
08/2017,4.81
09/2017,4.15
10/2017,1.83
11/2017,8.54
12/2017,7.31
01/2018,7.47
02/2018,6.88
03/2018,5.33
04/2018,4.52
05/2018,3.85
06/2018,7.04
07/2018,6.53
08/2018,4.83
09/2018,4.63
10/2018,8.41
11/2018,0.24
12/2018,2.53
01/2019,1.59
02/2019,0.16
03/2019,2.71
04/2019,3.18
05/2019,4.48
06/2019,1.25
07/2019,4.85
08/2019,-1.41
09/2019,-4.58
10/2019,-6.63
11/2019,2.14
12/2019,0.45
01/2020,2.23
02/2020,5.17
03/2020,-18.67
04/2020,-57.31
05/2020,-33.38
06/2020,-16.55
07/2020,-10.55
08/2020,-7.13
09/2020,0.98
10/2020,4.52
11/2020,-1.63
12/2020,2.16
01/2021,-0.58
02/2021,-3.20
03/2021,24.23
04/2021,133.52
05/2021,27.61
06/2021,13.81
07/2021,11.54
08/2021,12.97
09/2021,4.35
10/2021,4.17
11/2021,1.03
12/2021,1.02
01/2022,1.98
02/2022,1.15
03/2022,2.20
04/2022,6.66
05/2022,19.72
06/2022,12.62
07/2022,2.21
08/2022,-0.68
09/2022,3.32
10/2022,-4.07
11/2022,7.58
12/2022,5.12
01/2023,5.81
02/2023,6.01
03/2023,1.95
04/2023,4.61
05/2023,5.66
06/2023,4.05
07/2023,6.18
08/2023,10.87
09/2023,6.35
10/2023,11.89
11/2023,2.47
12/2023,4.39
01/2024,4.21
02/2024,5.60
03/2024,5.47
04/2024,7.07
05/2024,7.32
06/2024,7.27
07/2024,7.77
08/2024,2.06
09/2024,4.67
10/2024,5.63
11/2024,5.93
12/2024,6.15
01/2025,6.30
02/2025,2.92
03/2025,5.80
04/2025,4.84
05/2025,3.37
06/2025,2.23
07/2025,5.41
08/2025,4.67
09/2025,6.10
10/2025,-0.89
11/2025,7.00
12/2025,6.74
01/2026,4.15
02/2026,4.43
03/2026,3.02
04/2026,4.88
05/2026,4.97
06/2026,7.32