,Nominal Effective Exchange Rate Index: BIS: 2020=100: Broad
Region,India
Subnational,
Frequency,Monthly
Unit,2020=100
Source,Bank for International Settlements
Status,Active
Series ID,502748177 (IMOBBDAAAAAADD)
SR Code,SR197582557
Trade Code,
Mnemonic,
Function Description,
First Obs. Date,01/1994
Last Obs. Date,06/2026
Last Update Time,23/07/2026
Series Remarks,
Suggestions,
Mean,136.54
Variance,1108.51
Standard Deviation,33.29
Skewness,0.11
Kurtosis,-1.41
Coefficient Variation,0.24
Min,80.39
Max,199.72
Median,139.01
Sum,53248.77
Subtract,-119.33
No. of Obs,390.00
01/1994,199.19
02/1994,199.19
03/1994,198.57
04/1994,199.72
05/1994,198.64
06/1994,197.59
07/1994,194.49
08/1994,194.78
09/1994,193.85
10/1994,193.06
11/1994,194.12
12/1994,196.99
01/1995,196.41
02/1995,195.70
03/1995,189.84
04/1995,187.83
05/1995,189.16
06/1995,188.38
07/1995,188.29
08/1995,191.31
09/1995,183.67
10/1995,174.73
11/1995,175.02
12/1995,175.19
01/1996,172.56
02/1996,169.09
03/1996,179.97
04/1996,182.11
05/1996,179.40
06/1996,179.17
07/1996,175.64
08/1996,174.34
09/1996,175.00
10/1996,176.21
11/1996,174.74
12/1996,176.39
01/1997,178.90
02/1997,182.98
03/1997,184.39
04/1997,185.44
05/1997,184.27
06/1997,184.34
07/1997,187.26
08/1997,189.76
09/1997,187.04
10/1997,187.75
11/1997,183.23
12/1997,179.70
01/1998,184.81
02/1998,184.54
03/1998,181.53
04/1998,180.30
05/1998,177.24
06/1998,171.62
07/1998,170.94
08/1998,171.15
09/1998,170.04
10/1998,166.28
11/1998,167.30
12/1998,166.17
01/1999,167.22
02/1999,170.23
03/1999,172.95
04/1999,172.49
05/1999,172.45
06/1999,172.01
07/1999,171.57
08/1999,169.14
09/1999,168.87
10/1999,167.59
11/1999,169.62
12/1999,170.15
01/2000,169.89
02/2000,172.46
03/2000,173.36
04/2000,174.11
05/2000,176.63
06/2000,171.31
07/2000,171.81
08/2000,170.43
09/2000,172.40
10/2000,172.41
11/2000,171.58
12/2000,169.54
01/2001,168.80
02/2001,170.09
03/2001,172.08
04/2001,173.96
05/2001,173.94
06/2001,175.45
07/2001,175.03
08/2001,171.45
09/2001,168.96
10/2001,168.91
11/2001,170.12
12/2001,170.92
01/2002,170.75
02/2002,170.72
03/2002,169.81
04/2002,168.23
05/2002,165.23
06/2002,162.59
07/2002,160.24
08/2002,162.17
09/2002,162.89
10/2002,163.89
11/2002,162.30
12/2002,161.66
01/2003,159.53
02/2003,159.70
03/2003,160.16
04/2003,160.65
05/2003,156.88
06/2003,157.54
07/2003,160.70
08/2003,163.17
09/2003,162.36
10/2003,160.54
11/2003,159.96
12/2003,156.84
01/2004,155.11
02/2004,155.19
03/2004,158.32
04/2004,163.14
05/2004,159.85
06/2004,157.57
07/2004,154.85
08/2004,154.71
09/2004,155.30
10/2004,154.66
11/2004,153.25
12/2004,154.71
01/2005,156.53
02/2005,156.92
03/2005,156.04
04/2005,157.42
05/2005,159.19
06/2005,161.62
07/2005,163.15
08/2005,160.68
09/2005,159.82
10/2005,158.24
11/2005,156.68
12/2005,156.10
01/2006,158.44
02/2006,159.24
03/2006,158.47
04/2006,155.08
05/2006,150.56
06/2006,150.05
07/2006,148.25
08/2006,147.12
09/2006,148.97
10/2006,151.64
11/2006,151.89
12/2006,150.71
01/2007,152.87
02/2007,152.99
03/2007,153.01
04/2007,158.25
05/2007,162.87
06/2007,163.21
07/2007,162.47
08/2007,161.65
09/2007,161.96
10/2007,162.96
11/2007,160.61
12/2007,161.31
01/2008,160.45
02/2008,158.17
03/2008,152.85
04/2008,152.83
05/2008,145.92
06/2008,143.67
07/2008,142.46
08/2008,145.46
09/2008,140.36
10/2008,137.38
11/2008,140.06
12/2008,138.89
01/2009,139.10
02/2009,140.76
03/2009,135.10
04/2009,136.05
05/2009,137.16
06/2009,137.64
07/2009,135.21
08/2009,134.45
09/2009,132.91
10/2009,136.07
11/2009,135.90
12/2009,136.90
01/2010,139.53
02/2010,140.39
03/2010,142.87
04/2010,146.15
05/2010,145.49
06/2010,144.68
07/2010,141.01
08/2010,140.52
09/2010,141.05
10/2010,142.09
11/2010,141.06
12/2010,142.13
01/2011,139.98
02/2011,138.99
03/2011,139.14
04/2011,139.03
05/2011,137.20
06/2011,137.27
07/2011,138.37
08/2011,135.14
09/2011,131.49
10/2011,127.89
11/2011,124.53
12/2011,121.54
01/2012,124.88
02/2012,128.26
03/2012,125.73
04/2012,122.36
05/2012,117.87
06/2012,115.88
07/2012,117.33
08/2012,116.44
09/2012,117.09
10/2012,119.68
11/2012,116.24
12/2012,115.89
01/2013,116.67
02/2013,118.01
03/2013,118.01
04/2013,118.02
05/2013,116.81
06/2013,110.12
07/2013,108.20
08/2013,102.10
09/2013,100.53
10/2013,103.12
11/2013,102.12
12/2013,103.31
01/2014,103.45
02/2014,103.29
03/2014,105.31
04/2014,106.26
05/2014,107.99
06/2014,107.50
07/2014,106.77
08/2014,105.93
09/2014,107.31
10/2014,107.51
11/2014,108.42
12/2014,108.12
01/2015,111.18
02/2015,112.40
03/2015,113.23
04/2015,112.13
05/2015,109.37
06/2015,109.75
07/2015,111.15
08/2015,110.03
09/2015,108.69
10/2015,109.92
11/2015,109.67
12/2015,109.50
01/2016,109.50
02/2016,107.11
03/2016,108.10
04/2016,107.38
05/2016,107.34
06/2016,106.96
07/2016,107.72
08/2016,107.31
09/2016,107.88
10/2016,109.01
11/2016,109.32
12/2016,110.57
01/2017,109.73
02/2017,110.65
03/2017,112.50
04/2017,114.28
05/2017,113.62
06/2017,112.74
07/2017,111.96
08/2017,111.54
09/2017,109.83
10/2017,109.82
11/2017,110.18
12/2017,110.61
01/2018,109.49
02/2018,107.29
03/2018,106.27
04/2018,105.52
05/2018,104.65
06/2018,105.40
07/2018,105.34
08/2018,105.13
09/2018,101.43
10/2018,100.07
11/2018,102.93
12/2018,104.17
01/2019,103.28
02/2019,102.38
03/2019,105.14
04/2019,105.57
05/2019,106.07
06/2019,106.25
07/2019,107.15
08/2019,104.96
09/2019,104.96
10/2019,105.16
11/2019,104.07
12/2019,104.18
01/2020,103.48
02/2020,104.51
03/2020,101.39
04/2020,100.20
05/2020,100.70
06/2020,99.17
07/2020,99.45
08/2020,98.62
09/2020,99.71
10/2020,99.24
11/2020,97.08
12/2020,96.47
01/2021,96.70
02/2021,97.24
03/2021,98.47
04/2021,96.07
05/2021,96.94
06/2021,96.62
07/2021,96.52
08/2021,97.19
09/2021,97.80
10/2021,96.45
11/2021,97.56
12/2021,96.91
01/2022,97.93
02/2022,97.18
03/2022,97.25
04/2022,98.09
05/2022,98.78
06/2022,98.10
07/2022,97.87
08/2022,98.21
09/2022,99.99
10/2022,99.09
11/2022,98.00
12/2022,94.58
01/2023,93.64
02/2023,93.49
03/2023,94.47
04/2023,94.26
05/2023,94.63
06/2023,95.83
07/2023,95.60
08/2023,96.05
09/2023,96.92
10/2023,97.44
11/2023,95.88
12/2023,94.85
01/2024,95.40
02/2024,96.26
03/2024,96.18
04/2024,96.78
05/2024,96.50
06/2024,96.67
07/2024,96.35
08/2024,94.36
09/2024,93.48
10/2024,94.25
11/2024,95.61
12/2024,95.80
01/2025,94.97
02/2025,93.40
03/2025,92.90
04/2025,93.02
05/2025,92.17
06/2025,90.58
07/2025,90.11
08/2025,88.95
09/2025,87.85
10/2025,88.18
11/2025,88.09
12/2025,86.27
01/2026,85.02
02/2026,84.46
03/2026,83.50
04/2026,82.40
05/2026,80.39
06/2026,81.50