,Policy Rate: Month End: India: Repo Rate
Region,India
Subnational,
Frequency,Monthly
Unit,% pa
Source,CEIC Data
Status,Active
Series ID,455941517.00
SR Code,SR197136577
Trade Code,
Mnemonic,
Function Description,
First Obs. Date,04/2001
Last Obs. Date,07/2026
Last Update Time,30/07/2026
Series Remarks,1. CEIC calculates monthly Policy Rate from daily Repo Rate.
2. The Reserve Bank of India provides Repo Rate.
Suggestions,
Mean,6.51
Variance,1.60
Standard Deviation,1.26
Skewness,-0.27
Kurtosis,-0.59
Coefficient Variation,0.19
Min,4.00
Max,9.00
Median,6.50
Sum,1977.90
Subtract,-5.00
No. of Obs,304.00
04/2001,8.75
05/2001,8.75
06/2001,8.50
07/2001,8.50
08/2001,8.50
09/2001,8.50
10/2001,8.50
11/2001,8.50
12/2001,8.50
01/2002,8.50
02/2002,8.50
03/2002,8.00
04/2002,8.00
05/2002,8.00
06/2002,8.00
07/2002,8.00
08/2002,8.00
09/2002,8.00
10/2002,8.00
11/2002,7.50
12/2002,7.50
01/2003,7.50
02/2003,7.50
03/2003,7.00
04/2003,7.00
05/2003,7.00
06/2003,7.00
07/2003,7.00
08/2003,7.00
09/2003,7.00
10/2003,7.00
11/2003,7.00
12/2003,7.00
01/2004,7.00
02/2004,7.00
03/2004,6.00
04/2004,6.00
05/2004,6.00
06/2004,6.00
07/2004,6.00
08/2004,6.00
09/2004,6.00
10/2004,6.00
11/2004,6.00
12/2004,6.00
01/2005,6.00
02/2005,6.00
03/2005,6.00
04/2005,6.00
05/2005,6.00
06/2005,6.00
07/2005,6.00
08/2005,6.00
09/2005,6.00
10/2005,6.25
11/2005,6.25
12/2005,6.25
01/2006,6.50
02/2006,6.50
03/2006,6.50
04/2006,6.50
05/2006,6.50
06/2006,6.75
07/2006,7.00
08/2006,7.00
09/2006,7.00
10/2006,7.25
11/2006,7.25
12/2006,7.25
01/2007,7.50
02/2007,7.50
03/2007,7.75
04/2007,7.75
05/2007,7.75
06/2007,7.75
07/2007,7.75
08/2007,7.75
09/2007,7.75
10/2007,7.75
11/2007,7.75
12/2007,7.75
01/2008,7.75
02/2008,7.75
03/2008,7.75
04/2008,7.75
05/2008,7.75
06/2008,8.50
07/2008,9.00
08/2008,9.00
09/2008,9.00
10/2008,8.00
11/2008,7.50
12/2008,6.50
01/2009,5.50
02/2009,5.50
03/2009,5.00
04/2009,4.75
05/2009,4.75
06/2009,4.75
07/2009,4.75
08/2009,4.75
09/2009,4.75
10/2009,4.75
11/2009,4.75
12/2009,4.75
01/2010,4.75
02/2010,4.75
03/2010,5.00
04/2010,5.25
05/2010,5.25
06/2010,5.25
07/2010,5.75
08/2010,5.75
09/2010,6.00
10/2010,6.00
11/2010,6.25
12/2010,6.25
01/2011,6.50
02/2011,6.50
03/2011,6.75
04/2011,6.75
05/2011,7.25
06/2011,7.50
07/2011,8.00
08/2011,8.00
09/2011,8.25
10/2011,8.50
11/2011,8.50
12/2011,8.50
01/2012,8.50
02/2012,8.50
03/2012,8.50
04/2012,8.00
05/2012,8.00
06/2012,8.00
07/2012,8.00
08/2012,8.00
09/2012,8.00
10/2012,8.00
11/2012,8.00
12/2012,8.00
01/2013,7.75
02/2013,7.75
03/2013,7.50
04/2013,7.50
05/2013,7.25
06/2013,7.25
07/2013,7.25
08/2013,7.25
09/2013,7.50
10/2013,7.75
11/2013,7.75
12/2013,7.75
01/2014,8.00
02/2014,8.00
03/2014,8.00
04/2014,8.00
05/2014,8.00
06/2014,8.00
07/2014,8.00
08/2014,8.00
09/2014,8.00
10/2014,8.00
11/2014,8.00
12/2014,8.00
01/2015,7.75
02/2015,7.75
03/2015,7.50
04/2015,7.50
05/2015,7.50
06/2015,7.25
07/2015,7.25
08/2015,7.25
09/2015,6.75
10/2015,6.75
11/2015,6.75
12/2015,6.75
01/2016,6.75
02/2016,6.75
03/2016,6.75
04/2016,6.50
05/2016,6.50
06/2016,6.50
07/2016,6.50
08/2016,6.50
09/2016,6.50
10/2016,6.25
11/2016,6.25
12/2016,6.25
01/2017,6.25
02/2017,6.25
03/2017,6.25
04/2017,6.25
05/2017,6.25
06/2017,6.25
07/2017,6.25
08/2017,6.00
09/2017,6.00
10/2017,6.00
11/2017,6.00
12/2017,6.00
01/2018,6.00
02/2018,6.00
03/2018,6.00
04/2018,6.00
05/2018,6.00
06/2018,6.25
07/2018,6.25
08/2018,6.50
09/2018,6.50
10/2018,6.50
11/2018,6.50
12/2018,6.50
01/2019,6.50
02/2019,6.25
03/2019,6.25
04/2019,6.00
05/2019,6.00
06/2019,5.75
07/2019,5.75
08/2019,5.40
09/2019,5.40
10/2019,5.15
11/2019,5.15
12/2019,5.15
01/2020,5.15
02/2020,5.15
03/2020,4.40
04/2020,4.40
05/2020,4.00
06/2020,4.00
07/2020,4.00
08/2020,4.00
09/2020,4.00
10/2020,4.00
11/2020,4.00
12/2020,4.00
01/2021,4.00
02/2021,4.00
03/2021,4.00
04/2021,4.00
05/2021,4.00
06/2021,4.00
07/2021,4.00
08/2021,4.00
09/2021,4.00
10/2021,4.00
11/2021,4.00
12/2021,4.00
01/2022,4.00
02/2022,4.00
03/2022,4.00
04/2022,4.00
05/2022,4.40
06/2022,4.90
07/2022,4.90
08/2022,5.40
09/2022,5.90
10/2022,5.90
11/2022,5.90
12/2022,6.25
01/2023,6.25
02/2023,6.50
03/2023,6.50
04/2023,6.50
05/2023,6.50
06/2023,6.50
07/2023,6.50
08/2023,6.50
09/2023,6.50
10/2023,6.50
11/2023,6.50
12/2023,6.50
01/2024,6.50
02/2024,6.50
03/2024,6.50
04/2024,6.50
05/2024,6.50
06/2024,6.50
07/2024,6.50
08/2024,6.50
09/2024,6.50
10/2024,6.50
11/2024,6.50
12/2024,6.50
01/2025,6.50
02/2025,6.25
03/2025,6.25
04/2025,6.00
05/2025,6.00
06/2025,5.50
07/2025,5.50
08/2025,5.50
09/2025,5.50
10/2025,5.50
11/2025,5.50
12/2025,5.25
01/2026,5.25
02/2026,5.25
03/2026,5.25
04/2026,5.25
05/2026,5.25
06/2026,5.25
07/2026,5.25