,Real Effective Exchange Rate Index: BIS: 2020=100: Broad
Region,India
Subnational,
Frequency,Monthly
Unit,2020=100
Source,Bank for International Settlements
Status,Active
Series ID,502748777 (IMOBBDAAAAAADE)
SR Code,SR197582577
Trade Code,
Mnemonic,
Function Description,
First Obs. Date,01/1994
Last Obs. Date,06/2026
Last Update Time,23/07/2026
Series Remarks,
Suggestions,
Mean,94.35
Variance,28.92
Standard Deviation,5.38
Skewness,0.07
Kurtosis,-1.00
Coefficient Variation,0.06
Min,81.10
Max,106.10
Median,93.59
Sum,36797.10
Subtract,-25.00
No. of Obs,390.00
01/1994,92.55
02/1994,92.29
03/1994,92.38
04/1994,93.79
05/1994,93.37
06/1994,93.78
07/1994,92.97
08/1994,93.14
09/1994,92.25
10/1994,92.03
11/1994,92.45
12/1994,94.38
01/1995,94.63
02/1995,94.22
03/1995,90.88
04/1995,91.14
05/1995,92.04
06/1995,91.71
07/1995,92.42
08/1995,93.53
09/1995,89.37
10/1995,85.01
11/1995,85.19
12/1995,84.77
01/1996,83.05
02/1996,81.10
03/1996,85.94
04/1996,87.58
05/1996,86.56
06/1996,86.79
07/1996,86.36
08/1996,86.06
09/1996,86.25
10/1996,86.44
11/1996,85.71
12/1996,86.64
01/1997,87.44
02/1997,89.42
03/1997,89.96
04/1997,91.61
05/1997,90.71
06/1997,91.01
07/1997,92.52
08/1997,93.77
09/1997,92.78
10/1997,93.23
11/1997,90.73
12/1997,89.23
01/1998,92.23
02/1998,91.31
03/1998,89.72
04/1998,90.48
05/1998,89.60
06/1998,87.76
07/1998,88.09
08/1998,87.76
09/1998,86.55
10/1998,85.13
11/1998,85.89
12/1998,84.87
01/1999,84.46
02/1999,86.13
03/1999,87.45
04/1999,87.27
05/1999,87.42
06/1999,87.51
07/1999,87.49
08/1999,86.57
09/1999,86.50
10/1999,86.60
11/1999,87.68
12/1999,87.26
01/2000,86.82
02/2000,88.08
03/2000,90.22
04/2000,91.81
05/2000,93.09
06/2000,90.55
07/2000,90.94
08/2000,90.24
09/2000,91.56
10/2000,93.30
11/2000,92.85
12/2000,91.76
01/2001,91.27
02/2001,91.79
03/2001,92.85
04/2001,93.83
05/2001,93.71
06/2001,94.72
07/2001,94.80
08/2001,93.15
09/2001,91.51
10/2001,91.91
11/2001,92.52
12/2001,92.62
01/2002,91.80
02/2002,91.36
03/2002,91.25
04/2002,90.22
05/2002,88.75
06/2002,88.36
07/2002,87.59
08/2002,89.30
09/2002,89.58
10/2002,89.99
11/2002,89.17
12/2002,88.32
01/2003,87.18
02/2003,87.74
03/2003,88.80
04/2003,89.76
05/2003,87.92
06/2003,88.43
07/2003,90.21
08/2003,91.51
09/2003,91.71
10/2003,90.79
11/2003,90.80
12/2003,88.78
01/2004,88.55
02/2004,88.90
03/2004,90.32
04/2004,93.24
05/2004,91.57
06/2004,90.39
07/2004,89.73
08/2004,90.73
09/2004,90.76
10/2004,90.25
11/2004,90.12
12/2004,90.01
01/2005,91.49
02/2005,91.29
03/2005,90.83
04/2005,92.46
05/2005,93.13
06/2005,94.99
07/2005,96.68
08/2005,95.03
09/2005,94.63
10/2005,93.76
11/2005,93.17
12/2005,92.09
01/2006,93.65
02/2006,94.01
03/2006,93.42
04/2006,92.72
05/2006,90.50
06/2006,91.18
07/2006,90.76
08/2006,90.42
09/2006,92.06
10/2006,94.15
11/2006,94.12
12/2006,92.76
01/2007,94.29
02/2007,94.02
03/2007,93.90
04/2007,98.12
05/2007,100.81
06/2007,101.01
07/2007,101.04
08/2007,100.48
09/2007,100.41
10/2007,100.78
11/2007,99.11
12/2007,99.12
01/2008,98.79
02/2008,97.81
03/2008,96.18
04/2008,97.29
05/2008,92.74
06/2008,93.23
07/2008,93.07
08/2008,95.33
09/2008,91.58
10/2008,89.79
11/2008,90.72
12/2008,88.62
01/2009,88.67
02/2009,88.53
03/2009,85.08
04/2009,86.50
05/2009,87.78
06/2009,88.61
07/2009,88.07
08/2009,88.34
09/2009,87.57
10/2009,89.94
11/2009,90.96
12/2009,91.79
01/2010,94.78
02/2010,94.93
03/2010,97.06
04/2010,100.80
05/2010,100.61
06/2010,100.61
07/2010,98.66
08/2010,98.30
09/2010,98.88
10/2010,99.84
11/2010,99.32
12/2010,101.75
01/2011,101.28
02/2011,100.04
03/2011,100.65
04/2011,101.94
05/2011,100.56
06/2011,101.01
07/2011,102.50
08/2011,100.33
09/2011,98.10
10/2011,95.67
11/2011,93.34
12/2011,90.89
01/2012,93.95
02/2012,96.63
03/2012,95.26
04/2012,93.91
05/2012,90.72
06/2012,89.77
07/2012,91.60
08/2012,91.33
09/2012,92.24
10/2012,93.98
11/2012,91.52
12/2012,90.97
01/2013,90.31
02/2013,91.48
03/2013,91.54
04/2013,92.01
05/2013,91.70
06/2013,88.34
07/2013,88.13
08/2013,83.98
09/2013,83.29
10/2013,86.27
11/2013,86.54
12/2013,85.95
01/2014,85.24
02/2014,84.77
03/2014,86.65
04/2014,87.99
05/2014,89.87
06/2014,90.15
07/2014,91.48
08/2014,91.55
09/2014,92.28
10/2014,92.43
11/2014,93.34
12/2014,92.44
01/2015,95.37
02/2015,96.01
03/2015,96.87
04/2015,96.26
05/2015,94.27
06/2015,95.69
07/2015,97.34
08/2015,97.10
09/2015,96.25
10/2015,97.91
11/2015,98.23
12/2015,97.51
01/2016,97.83
02/2016,94.98
03/2016,95.68
04/2016,95.77
05/2016,96.64
06/2016,97.29
07/2016,98.86
08/2016,98.41
09/2016,98.31
10/2016,99.61
11/2016,99.72
12/2016,100.06
01/2017,98.90
02/2017,99.73
03/2017,101.45
04/2017,103.16
05/2017,102.67
06/2017,102.29
07/2017,103.42
08/2017,103.60
09/2017,101.51
10/2017,102.06
11/2017,103.48
12/2017,103.32
01/2018,101.76
02/2018,98.69
03/2018,98.01
04/2018,97.59
05/2018,97.08
06/2018,98.07
07/2018,98.88
08/2018,98.76
09/2018,94.79
10/2018,93.73
11/2018,96.79
12/2018,97.50
01/2019,96.42
02/2019,95.29
03/2019,97.95
04/2019,98.68
05/2019,99.45
06/2019,100.27
07/2019,102.04
08/2019,100.22
09/2019,100.48
10/2019,101.23
11/2019,101.14
12/2019,102.26
01/2020,101.18
02/2020,100.98
03/2020,98.16
04/2020,99.29
05/2020,99.73
06/2020,98.57
07/2020,99.87
08/2020,99.38
09/2020,101.48
10/2020,102.26
11/2020,100.59
12/2020,98.51
01/2021,97.74
02/2021,97.97
03/2021,99.23
04/2021,97.29
05/2021,99.72
06/2021,99.81
07/2021,100.13
08/2021,100.80
09/2021,101.34
10/2021,100.73
11/2021,102.15
12/2021,100.80
01/2022,101.18
02/2022,99.70
03/2022,99.71
04/2022,101.40
05/2022,102.60
06/2022,101.74
07/2022,101.43
08/2022,102.18
09/2022,104.10
10/2022,103.61
11/2022,102.27
12/2022,98.05
01/2023,97.22
02/2023,96.74
03/2023,97.77
04/2023,97.90
05/2023,98.82
06/2023,100.94
07/2023,103.36
08/2023,103.32
09/2023,102.72
10/2023,103.82
11/2023,102.97
12/2023,101.33
01/2024,101.78
02/2024,101.99
03/2024,101.94
04/2024,102.78
05/2024,102.99
06/2024,104.47
07/2024,105.32
08/2024,102.84
09/2024,102.42
10/2024,104.65
11/2024,106.10
12/2024,105.41
01/2025,103.02
02/2025,100.55
03/2025,100.04
04/2025,100.22
05/2025,99.62
06/2025,98.31
07/2025,98.29
08/2025,97.27
09/2025,95.89
10/2025,96.05
11/2025,96.28
12/2025,94.15
01/2026,93.20
02/2026,91.98
03/2026,90.99
04/2026,89.63
05/2026,88.00
06/2026,90.15