,Real Effective Exchange Rate Index: CPI Based
Region,India
Subnational,
Frequency,Monthly
Unit,2015=100
Source,Organisation for Economic Co-operation and Development
Status,Active
Series ID,459399457.00
SR Code,SR143884587
Trade Code,
Mnemonic,
Function Description,
First Obs. Date,01/1970
Last Obs. Date,07/2026
Last Update Time,12/08/2026
Series Remarks,
Suggestions,
Mean,120.65
Variance,1965.46
Standard Deviation,44.33
Skewness,1.03
Kurtosis,-0.15
Coefficient Variation,0.37
Min,66.70
Max,243.47
Median,102.22
Sum,81920.17
Subtract,-176.77
No. of Obs,679.00
01/1970,224.63
02/1970,223.81
03/1970,224.99
04/1970,225.44
05/1970,227.52
06/1970,229.12
07/1970,229.19
08/1970,230.32
09/1970,230.25
10/1970,230.07
11/1970,228.97
12/1970,224.36
01/1971,220.10
02/1971,218.82
03/1971,217.98
04/1971,216.33
05/1971,214.49
06/1971,216.71
07/1971,218.97
08/1971,221.51
09/1971,220.59
10/1971,217.66
11/1971,218.23
12/1971,215.42
01/1972,210.93
02/1972,210.05
03/1972,210.95
04/1972,210.29
05/1972,210.54
06/1972,212.49
07/1972,206.90
08/1972,208.53
09/1972,208.00
10/1972,204.64
11/1972,202.23
12/1972,200.80
01/1973,199.24
02/1973,198.68
03/1973,196.35
04/1973,200.27
05/1973,206.57
06/1973,208.40
07/1973,208.36
08/1973,208.83
09/1973,204.11
10/1973,206.50
11/1973,211.86
12/1973,208.21
01/1974,207.41
02/1974,207.21
03/1974,212.15
04/1974,215.71
05/1974,222.30
06/1974,226.34
07/1974,232.40
08/1974,238.26
09/1974,243.47
10/1974,240.39
11/1974,234.86
12/1974,227.49
01/1975,226.77
02/1975,222.64
03/1975,218.88
04/1975,215.77
05/1975,210.87
06/1975,207.73
07/1975,202.36
08/1975,197.60
09/1975,194.86
10/1975,190.76
11/1975,188.95
12/1975,183.39
01/1976,177.35
02/1976,171.04
03/1976,168.95
04/1976,167.97
05/1976,167.97
06/1976,169.40
07/1976,173.71
08/1976,172.56
09/1976,171.04
10/1976,173.56
11/1976,174.60
12/1976,174.46
01/1977,171.58
02/1977,171.81
03/1977,171.82
04/1977,169.68
05/1977,171.11
06/1977,170.82
07/1977,171.04
08/1977,174.00
09/1977,176.04
10/1977,174.13
11/1977,170.01
12/1977,169.00
01/1978,170.39
02/1978,166.38
03/1978,161.62
04/1978,155.63
05/1978,156.08
06/1978,159.33
07/1978,161.01
08/1978,157.70
09/1978,159.11
10/1978,157.11
11/1978,154.31
12/1978,152.34
01/1979,148.72
02/1979,146.63
03/1979,147.94
04/1979,149.80
05/1979,150.01
06/1979,153.23
07/1979,154.63
08/1979,154.59
09/1979,152.66
10/1979,151.72
11/1979,154.69
12/1979,154.82
01/1980,152.53
02/1980,151.06
03/1980,152.95
04/1980,153.53
05/1980,152.27
06/1980,151.22
07/1980,154.21
08/1980,156.34
09/1980,156.41
10/1980,157.92
11/1980,161.04
12/1980,158.60
01/1981,156.77
02/1981,159.12
03/1981,158.59
04/1981,161.69
05/1981,165.39
06/1981,166.91
07/1981,167.05
08/1981,169.08
09/1981,162.87
10/1981,160.12
11/1981,158.39
12/1981,157.56
01/1982,158.22
02/1982,160.49
03/1982,160.82
04/1982,160.67
05/1982,158.57
06/1982,163.84
07/1982,166.81
08/1982,170.40
09/1982,170.20
10/1982,171.80
11/1982,173.30
12/1982,169.51
01/1983,164.92
02/1983,166.69
03/1983,167.45
04/1983,168.62
05/1983,171.58
06/1983,177.47
07/1983,180.45
08/1983,184.37
09/1983,184.65
10/1983,181.95
11/1983,183.06
12/1983,182.37
01/1984,180.73
02/1984,175.51
03/1984,170.27
04/1984,169.95
05/1984,171.28
06/1984,174.96
07/1984,178.68
08/1984,176.03
09/1984,176.78
10/1984,175.25
11/1984,173.49
12/1984,172.10
01/1985,170.54
02/1985,168.94
03/1985,168.16
04/1985,168.66
05/1985,169.77
06/1985,170.66
07/1985,173.43
08/1985,172.55
09/1985,170.60
10/1985,165.78
11/1985,163.55
12/1985,160.50
01/1986,156.33
02/1986,151.03
03/1986,150.29
04/1986,149.20
05/1986,147.25
06/1986,147.81
07/1986,147.90
08/1986,145.20
09/1986,144.02
10/1986,143.76
11/1986,144.23
12/1986,141.20
01/1987,135.94
02/1987,133.52
03/1987,133.61
04/1987,132.20
05/1987,133.97
06/1987,136.68
07/1987,138.40
08/1987,139.56
09/1987,138.63
10/1987,138.41
11/1987,133.61
12/1987,129.67
01/1988,129.23
02/1988,130.30
03/1988,129.38
04/1988,127.25
05/1988,127.84
06/1988,128.35
07/1988,131.91
08/1988,132.57
09/1988,130.46
10/1988,127.64
11/1988,121.91
12/1988,119.72
01/1989,120.87
02/1989,120.12
03/1989,119.63
04/1989,118.17
05/1989,122.33
06/1989,120.43
07/1989,115.56
08/1989,118.16
09/1989,117.80
10/1989,113.96
11/1989,112.38
12/1989,111.25
01/1990,108.55
02/1990,107.99
03/1990,109.88
04/1990,109.59
05/1990,107.97
06/1990,108.88
07/1990,107.44
08/1990,104.08
09/1990,99.53
10/1990,97.52
11/1990,98.34
12/1990,100.42
01/1991,101.70
02/1991,97.94
03/1991,99.51
04/1991,99.61
05/1991,97.28
06/1991,98.35
07/1991,81.36
08/1991,80.99
09/1991,80.71
10/1991,79.71
11/1991,79.19
12/1991,78.76
01/1992,78.82
02/1992,80.33
03/1992,82.68
04/1992,82.76
05/1992,83.13
06/1992,80.54
07/1992,78.74
08/1992,77.92
09/1992,77.84
10/1992,81.13
11/1992,84.70
12/1992,83.48
01/1993,76.06
02/1993,74.46
03/1993,69.91
04/1993,69.53
05/1993,69.36
06/1993,70.35
07/1993,71.92
08/1993,71.54
09/1993,71.33
10/1993,72.83
11/1993,73.79
12/1993,74.70
01/1994,75.76
02/1994,75.18
03/1994,75.89
04/1994,75.23
05/1994,75.35
06/1994,75.11
07/1994,73.90
08/1994,73.73
09/1994,74.08
10/1994,72.92
11/1994,74.21
12/1994,75.00
01/1995,74.41
02/1995,75.09
03/1995,72.33
04/1995,71.83
05/1995,73.00
06/1995,72.94
07/1995,74.26
08/1995,75.48
09/1995,72.26
10/1995,69.08
11/1995,68.97
12/1995,68.93
01/1996,68.20
02/1996,66.70
03/1996,72.02
04/1996,73.47
05/1996,73.14
06/1996,73.38
07/1996,72.26
08/1996,72.25
09/1996,72.55
10/1996,73.45
11/1996,72.54
12/1996,75.33
01/1997,76.85
02/1997,78.82
03/1997,79.41
04/1997,79.41
05/1997,78.71
06/1997,79.17
07/1997,79.74
08/1997,81.65
09/1997,80.59
10/1997,81.43
11/1997,79.31
12/1997,80.38
01/1998,87.41
02/1998,86.87
03/1998,84.50
04/1998,84.17
05/1998,83.92
06/1998,82.96
07/1998,84.67
08/1998,84.43
09/1998,85.06
10/1998,84.57
11/1998,85.55
12/1998,84.47
01/1999,83.54
02/1999,84.48
03/1999,85.16
04/1999,85.15
05/1999,85.03
06/1999,85.08
07/1999,84.84
08/1999,83.51
09/1999,84.33
10/1999,83.52
11/1999,85.30
12/1999,84.80
01/2000,84.98
02/2000,86.51
03/2000,88.22
04/2000,89.08
05/2000,90.44
06/2000,86.79
07/2000,86.99
08/2000,85.97
09/2000,86.72
10/2000,86.92
11/2000,86.28
12/2000,85.51
01/2001,85.45
02/2001,86.19
03/2001,87.40
04/2001,88.41
05/2001,88.56
06/2001,89.82
07/2001,90.03
08/2001,88.45
09/2001,87.04
10/2001,87.84
11/2001,89.26
12/2001,90.24
01/2002,90.41
02/2002,90.23
03/2002,90.00
04/2002,88.99
05/2002,87.22
06/2002,86.28
07/2002,85.31
08/2002,86.81
09/2002,87.41
10/2002,87.77
11/2002,86.95
12/2002,86.36
01/2003,84.59
02/2003,84.77
03/2003,85.17
04/2003,86.06
05/2003,84.04
06/2003,84.40
07/2003,86.21
08/2003,86.95
09/2003,86.57
10/2003,85.74
11/2003,85.56
12/2003,83.92
01/2004,83.07
02/2004,83.21
03/2004,84.85
04/2004,87.11
05/2004,85.84
06/2004,84.89
07/2004,83.38
08/2004,84.07
09/2004,84.59
10/2004,83.98
11/2004,82.94
12/2004,83.71
01/2005,85.63
02/2005,85.53
03/2005,85.00
04/2005,85.84
05/2005,86.11
06/2005,87.42
07/2005,88.94
08/2005,87.60
09/2005,87.04
10/2005,86.08
11/2005,86.45
12/2005,86.25
01/2006,87.27
02/2006,87.84
03/2006,87.48
04/2006,85.71
05/2006,84.00
06/2006,84.67
07/2006,83.35
08/2006,83.16
09/2006,84.95
10/2006,87.05
11/2006,87.11
12/2006,86.48
01/2007,87.89
02/2007,88.26
03/2007,88.11
04/2007,91.05
05/2007,94.19
06/2007,94.61
07/2007,94.36
08/2007,94.07
09/2007,94.21
10/2007,94.14
11/2007,92.63
12/2007,93.68
01/2008,93.33
02/2008,92.08
03/2008,89.97
04/2008,90.58
05/2008,86.37
06/2008,85.18
07/2008,84.53
08/2008,87.47
09/2008,85.19
10/2008,84.83
11/2008,86.87
12/2008,85.90
01/2009,87.17
02/2009,88.32
03/2009,85.43
04/2009,86.27
05/2009,87.47
06/2009,88.06
07/2009,88.46
08/2009,88.50
09/2009,87.75
10/2009,90.26
11/2009,91.58
12/2009,93.11
01/2010,95.80
02/2010,95.54
03/2010,96.74
04/2010,98.99
05/2010,99.38
06/2010,99.16
07/2010,97.40
08/2010,96.73
09/2010,97.28
10/2010,98.23
11/2010,97.57
12/2010,99.46
01/2011,99.79
02/2011,98.26
03/2011,98.53
04/2011,98.46
05/2011,97.45
06/2011,97.73
07/2011,98.33
08/2011,96.92
09/2011,95.45
10/2011,93.65
11/2011,91.54
12/2011,89.57
01/2012,91.66
02/2012,94.74
03/2012,94.00
04/2012,92.77
05/2012,90.10
06/2012,89.28
07/2012,90.50
08/2012,90.29
09/2012,91.08
10/2012,93.52
11/2012,91.44
12/2012,91.96
01/2013,92.47
02/2013,94.33
03/2013,94.81
04/2013,95.07
05/2013,94.83
06/2013,91.29
07/2013,90.16
08/2013,86.34
09/2013,85.54
10/2013,88.23
11/2013,88.83
12/2013,89.19
01/2014,88.62
02/2014,88.61
03/2014,90.76
04/2014,91.79
05/2014,93.49
06/2014,93.31
07/2014,93.76
08/2014,93.66
09/2014,94.58
10/2014,94.66
11/2014,95.62
12/2014,95.90
01/2015,98.38
02/2015,99.69
03/2015,101.30
04/2015,100.15
05/2015,97.85
06/2015,98.95
07/2015,99.96
08/2015,100.11
09/2015,99.77
10/2015,101.01
11/2015,101.30
12/2015,101.55
01/2016,102.35
02/2016,99.72
03/2016,100.37
04/2016,100.22
05/2016,101.20
06/2016,101.16
07/2016,101.59
08/2016,100.94
09/2016,101.10
10/2016,102.06
11/2016,102.24
12/2016,103.29
01/2017,102.19
02/2017,103.44
03/2017,105.49
04/2017,107.32
05/2017,106.71
06/2017,105.85
07/2017,106.29
08/2017,106.55
09/2017,104.72
10/2017,105.08
11/2017,106.66
12/2017,107.35
01/2018,105.91
02/2018,103.23
03/2018,102.84
04/2018,102.42
05/2018,101.77
06/2018,102.22
07/2018,102.38
08/2018,102.11
09/2018,98.57
10/2018,97.06
11/2018,99.75
12/2018,101.45
01/2019,100.75
02/2019,100.01
03/2019,103.07
04/2019,103.54
05/2019,104.24
06/2019,104.67
07/2019,105.50
08/2019,103.74
09/2019,104.04
10/2019,104.35
11/2019,104.26
12/2019,106.26
01/2020,105.74
02/2020,105.82
03/2020,103.55
04/2020,104.56
05/2020,104.45
06/2020,102.70
07/2020,103.59
08/2020,103.05
09/2020,105.51
10/2020,105.74
11/2020,103.83
12/2020,102.83
01/2021,102.63
02/2021,103.39
03/2021,104.75
04/2021,102.47
05/2021,104.46
06/2021,104.13
07/2021,103.82
08/2021,104.63
09/2021,105.41
10/2021,103.86
11/2021,105.31
12/2021,104.96
01/2022,105.82
02/2022,104.82
03/2022,104.70
04/2022,105.75
05/2022,106.47
06/2022,104.84
07/2022,103.87
08/2022,104.27
09/2022,105.99
10/2022,104.96
11/2022,103.98
12/2022,101.10
01/2023,101.35
02/2023,101.54
03/2023,102.99
04/2023,103.23
05/2023,103.46
06/2023,104.91
07/2023,107.19
08/2023,107.68
09/2023,106.90
10/2023,107.36
11/2023,106.05
12/2023,105.85
01/2024,106.38
02/2024,107.50
03/2024,107.50
04/2024,108.17
05/2024,107.77
06/2024,108.19
07/2024,108.28
08/2024,106.42
09/2024,106.41
10/2024,108.58
11/2024,110.41
12/2024,110.80
01/2025,108.62
02/2025,105.49
03/2025,104.62
04/2025,104.87
05/2025,103.57
06/2025,101.45
07/2025,100.74
08/2025,99.86
09/2025,99.06
10/2025,98.48
11/2025,98.35
12/2025,96.66
01/2026,95.74
02/2026,94.82
03/2026,94.12
04/2026,92.27
05/2026,89.91
06/2026,91.41
07/2026,91.26