,REER: 2005=100: Month Avg: India
Region,India
Subnational,
Frequency,Monthly
Unit,2005=100
Source,CEIC Data
Status,Active
Series ID,211637602 (IMEEAAAAA)
SR Code,SR197143987
Trade Code,
Mnemonic,
Function Description,
First Obs. Date,04/2004
Last Obs. Date,06/2026
Last Update Time,22/07/2026
Series Remarks,1. CEIC generates Real Effective Exchange Rate Index with base 2005=100.
2. The Reserve Bank of India provides Real Effective Exchange Rate Index with base April 2015-March 2016=100. CPI is used as a deflator.
3. An increase in REER indicates reduced competitiveness for the reporting economy.
Suggestions,
Mean,107.89
Variance,41.47
Standard Deviation,6.44
Skewness,-0.33
Kurtosis,-1.14
Coefficient Variation,0.06
Min,94.80
Max,118.75
Median,109.56
Sum,28807.60
Subtract,-23.95
No. of Obs,267.00
04/2004,99.88
05/2004,98.32
06/2004,97.75
07/2004,96.90
08/2004,97.45
09/2004,97.92
10/2004,97.90
11/2004,97.11
12/2004,97.60
01/2005,98.76
02/2005,99.02
03/2005,98.02
04/2005,98.90
05/2005,99.30
06/2005,100.68
07/2005,102.94
08/2005,101.76
09/2005,100.85
10/2005,100.21
11/2005,100.17
12/2005,99.40
01/2006,100.28
02/2006,100.51
03/2006,99.82
04/2006,97.86
05/2006,96.19
06/2006,97.02
07/2006,96.39
08/2006,96.21
09/2006,98.04
10/2006,101.01
11/2006,101.42
12/2006,99.98
01/2007,100.62
02/2007,100.70
03/2007,100.18
04/2007,103.49
05/2007,106.94
06/2007,107.72
07/2007,108.78
08/2007,108.43
09/2007,108.60
10/2007,109.58
11/2007,108.16
12/2007,108.23
01/2008,106.89
02/2008,105.40
03/2008,102.74
04/2008,102.91
05/2008,97.64
06/2008,96.58
07/2008,96.98
08/2008,99.88
09/2008,97.01
10/2008,96.26
11/2008,98.49
12/2008,96.62
01/2009,96.85
02/2009,98.33
03/2009,95.02
04/2009,94.80
05/2009,96.51
06/2009,97.76
07/2009,99.36
08/2009,99.76
09/2009,99.24
10/2009,102.72
11/2009,104.69
12/2009,105.20
01/2010,107.69
02/2010,106.74
03/2010,107.93
04/2010,109.83
05/2010,109.56
06/2010,109.58
07/2010,108.77
08/2010,108.47
09/2010,110.03
10/2010,112.18
11/2010,111.25
12/2010,112.68
01/2011,112.43
02/2011,110.63
03/2011,110.59
04/2011,110.75
05/2011,109.95
06/2011,111.36
07/2011,113.63
08/2011,112.35
09/2011,109.64
10/2011,107.00
11/2011,104.20
12/2011,100.82
01/2012,103.92
02/2012,108.14
03/2012,105.86
04/2012,103.36
05/2012,100.21
06/2012,99.34
07/2012,101.78
08/2012,102.16
09/2012,103.54
10/2012,106.86
11/2012,104.19
12/2012,103.77
01/2013,104.82
02/2013,106.23
03/2013,105.98
04/2013,105.94
05/2013,105.90
06/2013,101.25
07/2013,102.01
08/2013,97.54
09/2013,97.40
10/2013,100.70
11/2013,100.89
12/2013,100.99
01/2014,100.76
02/2014,99.99
03/2014,101.81
04/2014,102.62
05/2014,105.00
06/2014,105.06
07/2014,106.24
08/2014,106.09
09/2014,106.99
10/2014,107.01
11/2014,107.74
12/2014,106.66
01/2015,107.94
02/2015,109.86
03/2015,110.98
04/2015,109.69
05/2015,107.62
06/2015,109.27
07/2015,110.91
08/2015,110.57
09/2015,109.93
10/2015,111.94
11/2015,111.57
12/2015,110.38
01/2016,110.63
02/2016,107.67
03/2016,108.43
04/2016,108.99
05/2016,109.78
06/2016,110.57
07/2016,112.30
08/2016,112.05
09/2016,111.98
10/2016,112.98
11/2016,112.82
12/2016,112.74
01/2017,111.58
02/2017,112.52
03/2017,114.36
04/2017,116.56
05/2017,116.23
06/2017,115.90
07/2017,117.35
08/2017,118.16
09/2017,116.12
10/2017,116.46
11/2017,118.32
12/2017,118.30
01/2018,116.80
02/2018,114.02
03/2018,113.21
04/2018,112.94
05/2018,111.84
06/2018,112.44
07/2018,112.88
08/2018,112.49
09/2018,108.06
10/2018,106.60
11/2018,109.60
12/2018,110.67
01/2019,109.57
02/2019,108.50
03/2019,111.47
04/2019,111.93
05/2019,112.53
06/2019,113.30
07/2019,115.04
08/2019,112.63
09/2019,112.96
10/2019,113.99
11/2019,114.12
12/2019,115.39
01/2020,114.39
02/2020,114.06
03/2020,111.06
04/2020,112.57
05/2020,112.82
06/2020,111.57
07/2020,113.46
08/2020,113.27
09/2020,116.03
10/2020,116.91
11/2020,115.25
12/2020,113.54
01/2021,113.19
02/2021,113.74
03/2021,114.26
04/2021,112.35
05/2021,115.16
06/2021,115.18
07/2021,115.28
08/2021,115.67
09/2021,116.55
10/2021,116.17
11/2021,117.02
12/2021,115.47
01/2022,115.80
02/2022,114.42
03/2022,113.59
04/2022,115.44
05/2022,115.79
06/2022,114.57
07/2022,114.01
08/2022,114.32
09/2022,115.32
10/2022,114.48
11/2022,113.79
12/2022,110.34
01/2023,110.18
02/2023,109.24
03/2023,110.04
04/2023,110.21
05/2023,110.79
06/2023,113.12
07/2023,116.69
08/2023,115.89
09/2023,114.49
10/2023,115.58
11/2023,115.14
12/2023,113.88
01/2024,113.97
02/2024,115.14
03/2024,114.95
04/2024,114.89
05/2024,115.24
06/2024,116.84
07/2024,118.12
08/2024,116.00
09/2024,115.85
10/2024,117.96
11/2024,118.75
12/2024,117.52
01/2025,114.85
02/2025,112.49
03/2025,111.81
04/2025,111.63
05/2025,111.05
06/2025,109.83
07/2025,110.00
08/2025,108.54
09/2025,106.96
10/2025,106.77
11/2025,106.84
12/2025,104.54
01/2026,104.12
02/2026,103.26
03/2026,101.69
04/2026,99.78
05/2026,97.91
06/2026,100.31